"Index","Url","LocalFetchUrl","File","Status","ContentType","Bytes","Title","Error"
"1","http://www.qqbytop.com/","http://127.0.0.1/","pages/001_index_62fe3d14.html","200","text/html; charset=utf-8","62510","北京全球博译翻译公司",""
"","http://www.qqbytop.com/www.qqbytop.com","http://127.0.0.1/www.qqbytop.com","","404","text/html","146","","The remote server returned an error: (404) Not Found."
"2","http://www.qqbytop.com/?about_54/","http://127.0.0.1/?about_54/","pages/002_index__q_about_54__5154a70f.html","200","text/html; charset=utf-8","39151","解决方案 - 永久开源免费的PHP企业网站开发建设管理系统",""
"3","http://www.qqbytop.com/?about_55/","http://127.0.0.1/?about_55/","pages/003_index__q_about_55__d39a4420.html","200","text/html; charset=utf-8","46668","金融财经 - 永久开源免费的PHP企业网站开发建设管理系统",""
"4","http://www.qqbytop.com/?about_56/","http://127.0.0.1/?about_56/","pages/004_index__q_about_56__3c63d95e.html","200","text/html; charset=utf-8","47074","医学医疗 - 永久开源免费的PHP企业网站开发建设管理系统",""
"5","http://www.qqbytop.com/?about_57/","http://127.0.0.1/?about_57/","pages/005_index__q_about_57__d260ae8f.html","200","text/html; charset=utf-8","46946","石油化工 - 永久开源免费的PHP企业网站开发建设管理系统",""
"6","http://www.qqbytop.com/?about_58/","http://127.0.0.1/?about_58/","pages/006_index__q_about_58__8c8407c5.html","200","text/html; charset=utf-8","47353","生物医药 - 永久开源免费的PHP企业网站开发建设管理系统",""
"7","http://www.qqbytop.com/?about_59/","http://127.0.0.1/?about_59/","pages/007_index__q_about_59__f6bd9571.html","200","text/html; charset=utf-8","47284","IT互联网 - 永久开源免费的PHP企业网站开发建设管理系统",""
"8","http://www.qqbytop.com/?about_60/","http://127.0.0.1/?about_60/","pages/008_index__q_about_60__c1c7b00b.html","200","text/html; charset=utf-8","47405","法律法规 - 永久开源免费的PHP企业网站开发建设管理系统",""
"9","http://www.qqbytop.com/?about_61/","http://127.0.0.1/?about_61/","pages/009_index__q_about_61__02150876.html","200","text/html; charset=utf-8","46647","机械制造 - 永久开源免费的PHP企业网站开发建设管理系统",""
"10","http://www.qqbytop.com/?about_62/","http://127.0.0.1/?about_62/","pages/010_index__q_about_62__01f51cc1.html","200","text/html; charset=utf-8","47382","建筑工程 - 永久开源免费的PHP企业网站开发建设管理系统",""
"11","http://www.qqbytop.com/?about_63/","http://127.0.0.1/?about_63/","pages/011_index__q_about_63__f8896507.html","200","text/html; charset=utf-8","47168","教育教学 - 永久开源免费的PHP企业网站开发建设管理系统",""
"12","http://www.qqbytop.com/?about_64/","http://127.0.0.1/?about_64/","pages/012_index__q_about_64__94ae4d86.html","200","text/html; charset=utf-8","47121","汽车翻译 - 永久开源免费的PHP企业网站开发建设管理系统",""
"13","http://www.qqbytop.com/?about_65/","http://127.0.0.1/?about_65/","pages/013_index__q_about_65__8f1ecf13.html","200","text/html; charset=utf-8","46651","跨境电商 - 永久开源免费的PHP企业网站开发建设管理系统",""
"14","http://www.qqbytop.com/?hangtian/","http://127.0.0.1/?hangtian/","pages/014_index__q_hangtian__ef82fa41.html","200","text/html; charset=utf-8","46913","航空航天 - 永久开源免费的PHP企业网站开发建设管理系统",""
"15","http://www.qqbytop.com/?about_67/","http://127.0.0.1/?about_67/","pages/015_index__q_about_67__9ae2273d.html","200","text/html; charset=utf-8","50772","电子电器 - 永久开源免费的PHP企业网站开发建设管理系统",""
"16","http://www.qqbytop.com/?about_68/","http://127.0.0.1/?about_68/","pages/016_index__q_about_68__f67e7730.html","200","text/html; charset=utf-8","50977","能源电力 - 永久开源免费的PHP企业网站开发建设管理系统",""
"17","http://www.qqbytop.com/?about_69/","http://127.0.0.1/?about_69/","pages/017_index__q_about_69__d2eb421b.html","200","text/html; charset=utf-8","47886","农业农村 - 永久开源免费的PHP企业网站开发建设管理系统",""
"18","http://www.qqbytop.com/?about_70/","http://127.0.0.1/?about_70/","pages/018_index__q_about_70__fc80a459.html","200","text/html; charset=utf-8","50522","食品饮料 - 永久开源免费的PHP企业网站开发建设管理系统",""
"19","http://www.qqbytop.com/?about_71/","http://127.0.0.1/?about_71/","pages/019_index__q_about_71__0194cdeb.html","200","text/html; charset=utf-8","49681","体育休闲 - 永久开源免费的PHP企业网站开发建设管理系统",""
"20","http://www.qqbytop.com/?about_72/","http://127.0.0.1/?about_72/","pages/020_index__q_about_72__9acd669a.html","200","text/html; charset=utf-8","50088","传媒娱乐 - 永久开源免费的PHP企业网站开发建设管理系统",""
"21","http://www.qqbytop.com/?about_73/","http://127.0.0.1/?about_73/","pages/021_index__q_about_73__ee847bf1.html","200","text/html; charset=utf-8","45435","政府政务 - 永久开源免费的PHP企业网站开发建设管理系统",""
"22","http://www.qqbytop.com/?about_74/","http://127.0.0.1/?about_74/","pages/022_index__q_about_74__759c958f.html","200","text/html; charset=utf-8","45583","社会科学 - 永久开源免费的PHP企业网站开发建设管理系统",""
"23","http://www.qqbytop.com/?biyi/","http://127.0.0.1/?biyi/","pages/023_index__q_biyi__60aeed4b.html","200","text/html; charset=utf-8","39216","笔译翻译 - 永久开源免费的PHP企业网站开发建设管理系统",""
"24","http://www.qqbytop.com/?contract/","http://127.0.0.1/?contract/","pages/024_index__q_contract__9d6a04c4.html","200","text/html; charset=utf-8","40316","合同翻译 - 永久开源免费的PHP企业网站开发建设管理系统",""
"25","http://www.qqbytop.com/?biaoshu/","http://127.0.0.1/?biaoshu/","pages/025_index__q_biaoshu__38465387.html","200","text/html; charset=utf-8","40723","标书翻译 - 永久开源免费的PHP企业网站开发建设管理系统",""
"26","http://www.qqbytop.com/?lunwen/","http://127.0.0.1/?lunwen/","pages/026_index__q_lunwen__5052930f.html","200","text/html; charset=utf-8","40133","论文翻译 - 永久开源免费的PHP企业网站开发建设管理系统",""
"27","http://www.qqbytop.com/?tushu/","http://127.0.0.1/?tushu/","pages/027_index__q_tushu__989469ab.html","200","text/html; charset=utf-8","39911","图书翻译 - 永久开源免费的PHP企业网站开发建设管理系统",""
"28","http://www.qqbytop.com/?zhuanli/","http://127.0.0.1/?zhuanli/","pages/028_index__q_zhuanli__baa1ea4e.html","200","text/html; charset=utf-8","40190","专利翻译 - 永久开源免费的PHP企业网站开发建设管理系统",""
"29","http://www.qqbytop.com/?shouce/","http://127.0.0.1/?shouce/","pages/029_index__q_shouce__14b62af8.html","200","text/html; charset=utf-8","40283","手册翻译 - 永久开源免费的PHP企业网站开发建设管理系统",""
"30","http://www.qqbytop.com/?jianli/","http://127.0.0.1/?jianli/","pages/030_index__q_jianli__094bad52.html","200","text/html; charset=utf-8","39880","简历翻译 - 永久开源免费的PHP企业网站开发建设管理系统",""
"31","http://www.qqbytop.com/?wenxian/","http://127.0.0.1/?wenxian/","pages/031_index__q_wenxian__fe31407d.html","200","text/html; charset=utf-8","40056","文献翻译 - 永久开源免费的PHP企业网站开发建设管理系统",""
"32","http://www.qqbytop.com/?tuzhi/","http://127.0.0.1/?tuzhi/","pages/032_index__q_tuzhi__c47cf34a.html","200","text/html; charset=utf-8","39702","图纸翻译 - 永久开源免费的PHP企业网站开发建设管理系统",""
"33","http://www.qqbytop.com/?baogao/","http://127.0.0.1/?baogao/","pages/033_index__q_baogao__662b5510.html","200","text/html; charset=utf-8","39467","报告翻译 - 永久开源免费的PHP企业网站开发建设管理系统",""
"34","http://www.qqbytop.com/?shuomingshu/","http://127.0.0.1/?shuomingshu/","pages/034_index__q_shuomingshu__6df48b49.html","200","text/html; charset=utf-8","39778","说明书翻译 - 永久开源免费的PHP企业网站开发建设管理系统",""
"35","http://www.qqbytop.com/?kouyi/","http://127.0.0.1/?kouyi/","pages/035_index__q_kouyi__505bee74.html","200","text/html; charset=utf-8","37618","口译翻译 - 永久开源免费的PHP企业网站开发建设管理系统",""
"36","http://www.qqbytop.com/?about_18/","http://127.0.0.1/?about_18/","pages/036_index__q_about_18__77e724ec.html","200","text/html; charset=utf-8","38707","同声传译 - 永久开源免费的PHP企业网站开发建设管理系统",""
"37","http://www.qqbytop.com/?about_19/","http://127.0.0.1/?about_19/","pages/037_index__q_about_19__bfb017d5.html","200","text/html; charset=utf-8","38628","会议翻译 - 永久开源免费的PHP企业网站开发建设管理系统",""
"38","http://www.qqbytop.com/?about_20/","http://127.0.0.1/?about_20/","pages/038_index__q_about_20__0a084cad.html","200","text/html; charset=utf-8","38675","陪同翻译 - 永久开源免费的PHP企业网站开发建设管理系统",""
"39","http://www.qqbytop.com/?about_21/","http://127.0.0.1/?about_21/","pages/039_index__q_about_21__56fb743d.html","200","text/html; charset=utf-8","38633","展会翻译 - 永久开源免费的PHP企业网站开发建设管理系统",""
"40","http://www.qqbytop.com/?zhengjian/","http://127.0.0.1/?zhengjian/","pages/040_index__q_zhengjian__aabd4647.html","200","text/html; charset=utf-8","39327","证件翻译 - 永久开源免费的PHP企业网站开发建设管理系统",""
"41","http://www.qqbytop.com/?hetong/","http://127.0.0.1/?hetong/","pages/041_index__q_hetong__41ca8345.html","200","text/html; charset=utf-8","43229","签证翻译 - 永久开源免费的PHP企业网站开发建设管理系统",""
"42","http://www.qqbytop.com/?about_23/","http://127.0.0.1/?about_23/","pages/042_index__q_about_23__c16e2cce.html","200","text/html; charset=utf-8","44787","移民翻译 - 永久开源免费的PHP企业网站开发建设管理系统",""
"43","http://www.qqbytop.com/?about_24/","http://127.0.0.1/?about_24/","pages/043_index__q_about_24__c5fa23be.html","200","text/html; charset=utf-8","45248","留学翻译 - 永久开源免费的PHP企业网站开发建设管理系统",""
"44","http://www.qqbytop.com/?about_25/","http://127.0.0.1/?about_25/","pages/044_index__q_about_25__ecba264c.html","200","text/html; charset=utf-8","44542","护照翻译 - 永久开源免费的PHP企业网站开发建设管理系统",""
"45","http://www.qqbytop.com/?about_26/","http://127.0.0.1/?about_26/","pages/045_index__q_about_26__5324069e.html","200","text/html; charset=utf-8","44140","涉外公证翻译 - 永久开源免费的PHP企业网站开发建设管理系统",""
"46","http://www.qqbytop.com/?about_27/","http://127.0.0.1/?about_27/","pages/046_index__q_about_27__1b2e2f75.html","200","text/html; charset=utf-8","42666","学历翻译 - 永久开源免费的PHP企业网站开发建设管理系统",""
"47","http://www.qqbytop.com/?about_28/","http://127.0.0.1/?about_28/","pages/047_index__q_about_28__04446cb1.html","200","text/html; charset=utf-8","42033","成绩单翻译 - 永久开源免费的PHP企业网站开发建设管理系统",""
"48","http://www.qqbytop.com/?about_29/","http://127.0.0.1/?about_29/","pages/048_index__q_about_29__9e360adb.html","200","text/html; charset=utf-8","41596","营业执照翻译 - 永久开源免费的PHP企业网站开发建设管理系统",""
"49","http://www.qqbytop.com/?about_30/","http://127.0.0.1/?about_30/","pages/049_index__q_about_30__86933d03.html","200","text/html; charset=utf-8","43531","无犯罪证明翻译 - 永久开源免费的PHP企业网站开发建设管理系统",""
"50","http://www.qqbytop.com/?about_31/","http://127.0.0.1/?about_31/","pages/050_index__q_about_31__36fec306.html","200","text/html; charset=utf-8","40371","驾照翻译 - 永久开源免费的PHP企业网站开发建设管理系统",""
"51","http://www.qqbytop.com/?about_32/","http://127.0.0.1/?about_32/","pages/051_index__q_about_32__b8e71602.html","200","text/html; charset=utf-8","43359","许可证翻译 - 永久开源免费的PHP企业网站开发建设管理系统",""
"52","http://www.qqbytop.com/?about_33/","http://127.0.0.1/?about_33/","pages/052_index__q_about_33__8a9f2516.html","200","text/html; charset=utf-8","43126","学位证翻译 - 永久开源免费的PHP企业网站开发建设管理系统",""
"53","http://www.qqbytop.com/?about_34/","http://127.0.0.1/?about_34/","pages/053_index__q_about_34__5eed5887.html","200","text/html; charset=utf-8","43246","毕业证翻译 - 永久开源免费的PHP企业网站开发建设管理系统",""
"54","http://www.qqbytop.com/?about_35/","http://127.0.0.1/?about_35/","pages/054_index__q_about_35__d277ca96.html","200","text/html; charset=utf-8","43402","录取通知书翻译 - 永久开源免费的PHP企业网站开发建设管理系统",""
"55","http://www.qqbytop.com/?about_36/","http://127.0.0.1/?about_36/","pages/055_index__q_about_36__140992a3.html","200","text/html; charset=utf-8","43565","结婚证翻译 - 永久开源免费的PHP企业网站开发建设管理系统",""
"56","http://www.qqbytop.com/?yuzhong/","http://127.0.0.1/?yuzhong/","pages/056_index__q_yuzhong__107da437.html","200","text/html; charset=utf-8","33789","翻译语种 - 永久开源免费的PHP企业网站开发建设管理系统",""
"57","http://www.qqbytop.com/?about_37/","http://127.0.0.1/?about_37/","pages/057_index__q_about_37__e31dfeaa.html","200","text/html; charset=utf-8","41302","英语翻译 - 永久开源免费的PHP企业网站开发建设管理系统",""
"58","http://www.qqbytop.com/?about_38/","http://127.0.0.1/?about_38/","pages/058_index__q_about_38__b19e6a8b.html","200","text/html; charset=utf-8","41604","法语翻译 - 永久开源免费的PHP企业网站开发建设管理系统",""
"59","http://www.qqbytop.com/?about_39/","http://127.0.0.1/?about_39/","pages/059_index__q_about_39__0c89db40.html","200","text/html; charset=utf-8","40512","德语翻译 - 永久开源免费的PHP企业网站开发建设管理系统",""
"60","http://www.qqbytop.com/?about_40/","http://127.0.0.1/?about_40/","pages/060_index__q_about_40__ffc43daf.html","200","text/html; charset=utf-8","42334","意大利语翻译 - 永久开源免费的PHP企业网站开发建设管理系统",""
"61","http://www.qqbytop.com/?about_41/","http://127.0.0.1/?about_41/","pages/061_index__q_about_41__9be5a32b.html","200","text/html; charset=utf-8","40584","西班牙语翻译 - 永久开源免费的PHP企业网站开发建设管理系统",""
"62","http://www.qqbytop.com/?about_42/","http://127.0.0.1/?about_42/","pages/062_index__q_about_42__fb356c56.html","200","text/html; charset=utf-8","42172","阿拉伯语翻译 - 永久开源免费的PHP企业网站开发建设管理系统",""
"63","http://www.qqbytop.com/?about_43/","http://127.0.0.1/?about_43/","pages/063_index__q_about_43__e7b41af5.html","200","text/html; charset=utf-8","42016","俄语翻译 - 永久开源免费的PHP企业网站开发建设管理系统",""
"64","http://www.qqbytop.com/?about_44/","http://127.0.0.1/?about_44/","pages/064_index__q_about_44__308e9690.html","200","text/html; charset=utf-8","42280","韩语翻译 - 永久开源免费的PHP企业网站开发建设管理系统",""
"65","http://www.qqbytop.com/?about_45/","http://127.0.0.1/?about_45/","pages/065_index__q_about_45__631961cd.html","200","text/html; charset=utf-8","42043","日语翻译 - 永久开源免费的PHP企业网站开发建设管理系统",""
"66","http://www.qqbytop.com/?about_46/","http://127.0.0.1/?about_46/","pages/066_index__q_about_46__bcb1728d.html","200","text/html; charset=utf-8","42199","泰语翻译 - 永久开源免费的PHP企业网站开发建设管理系统",""
"67","http://www.qqbytop.com/?about_47/","http://127.0.0.1/?about_47/","pages/067_index__q_about_47__1497ff7b.html","200","text/html; charset=utf-8","42355","越南语翻译 - 永久开源免费的PHP企业网站开发建设管理系统",""
"68","http://www.qqbytop.com/?about_48/","http://127.0.0.1/?about_48/","pages/068_index__q_about_48__0ba2e2ea.html","200","text/html; charset=utf-8","42196","蒙古语翻译 - 永久开源免费的PHP企业网站开发建设管理系统",""
"69","http://www.qqbytop.com/?company/","http://127.0.0.1/?company/","pages/069_index__q_company__a8af65fb.html","200","text/html; charset=utf-8","28915","关于我们 - 永久开源免费的PHP企业网站开发建设管理系统",""
"70","http://www.qqbytop.com/?aboutus/","http://127.0.0.1/?aboutus/","pages/070_index__q_aboutus__055a739a.html","200","text/html; charset=utf-8","28758","公司介绍 - 永久开源免费的PHP企业网站开发建设管理系统",""
"71","http://www.qqbytop.com/?contractus/","http://127.0.0.1/?contractus/","pages/071_index__q_contractus__25602ed4.html","200","text/html; charset=utf-8","27108","联系我们 - 永久开源免费的PHP企业网站开发建设管理系统",""
"72","http://www.qqbytop.com/?zhiliang/","http://127.0.0.1/?zhiliang/","pages/072_index__q_zhiliang__0629d8f8.html","200","text/html; charset=utf-8","25784","翻译质量 - 永久开源免费的PHP企业网站开发建设管理系统",""
"","http://www.qqbytop.com/hetongfanyi.html","http://127.0.0.1/hetongfanyi.html","","404","text/html","146","","The remote server returned an error: (404) Not Found."
"","http://www.qqbytop.com/biaoshufanyi.html","http://127.0.0.1/biaoshufanyi.html","","404","text/html","146","","The remote server returned an error: (404) Not Found."
"","http://www.qqbytop.com/tuzhifanyi.html","http://127.0.0.1/tuzhifanyi.html","","404","text/html","146","","The remote server returned an error: (404) Not Found."
"","http://www.qqbytop.com/peitong.html","http://127.0.0.1/peitong.html","","404","text/html","146","","The remote server returned an error: (404) Not Found."
"","http://www.qqbytop.com/tongchuan.html","http://127.0.0.1/tongchuan.html","","404","text/html","146","","The remote server returned an error: (404) Not Found."
"","http://www.qqbytop.com/baogaofanyi.html","http://127.0.0.1/baogaofanyi.html","","404","text/html","146","","The remote server returned an error: (404) Not Found."
"","http://www.qqbytop.com/zhuanlifanyi.html","http://127.0.0.1/zhuanlifanyi.html","","404","text/html","146","","The remote server returned an error: (404) Not Found."
"","http://www.qqbytop.com/shoucefanyi.html","http://127.0.0.1/shoucefanyi.html","","404","text/html","146","","The remote server returned an error: (404) Not Found."
"","http://www.qqbytop.com/lunwenfanyi.html","http://127.0.0.1/lunwenfanyi.html","","404","text/html","146","","The remote server returned an error: (404) Not Found."
"","http://www.qqbytop.com/wenxianfanyi.html","http://127.0.0.1/wenxianfanyi.html","","404","text/html","146","","The remote server returned an error: (404) Not Found."
"73","http://www.qqbytop.com/?news/","http://127.0.0.1/?news/","pages/073_index__q_news__49877a69.html","200","text/html; charset=utf-8","36670","翻译资讯 - 永久开源免费的PHP企业网站开发建设管理系统",""
"74","http://www.qqbytop.com/?news/zhongyinghetong.html","http://127.0.0.1/?news/zhongyinghetong.html","pages/074_index__q_news_zhongyinghetong.html_918bee70.html","200","text/html; charset=utf-8","38527","中译英合同翻译 - 永久开源免费的PHP企业网站开发建设管理系统",""
"75","http://www.qqbytop.com/?news/132.html","http://127.0.0.1/?news/132.html","pages/075_index__q_news_132.html_0ed74b06.html","200","text/html; charset=utf-8","39367","工程文件翻译怎么收费？ - 永久开源免费的PHP企业网站开发建设管理系统",""
"76","http://www.qqbytop.com/?news/131.html","http://127.0.0.1/?news/131.html","pages/076_index__q_news_131.html_099537f5.html","200","text/html; charset=utf-8","41264","中文简历翻译 - 永久开源免费的PHP企业网站开发建设管理系统",""
"77","http://www.qqbytop.com/?news/130.html","http://127.0.0.1/?news/130.html","pages/077_index__q_news_130.html_8e4a572e.html","200","text/html; charset=utf-8","42994","标书翻译收费标准 - 永久开源免费的PHP企业网站开发建设管理系统",""
"78","http://www.qqbytop.com/?news/129.html","http://127.0.0.1/?news/129.html","pages/078_index__q_news_129.html_37995fd2.html","200","text/html; charset=utf-8","44819","医学文献翻译 - 永久开源免费的PHP企业网站开发建设管理系统",""
"79","http://www.qqbytop.com/?news/128.html","http://127.0.0.1/?news/128.html","pages/079_index__q_news_128.html_c185fb45.html","200","text/html; charset=utf-8","42973","论文摘要翻译 - 永久开源免费的PHP企业网站开发建设管理系统",""
"80","http://www.qqbytop.com/?resources/","http://127.0.0.1/?resources/","pages/080_index__q_resources__e6111eae.html","200","text/html; charset=utf-8","26720","翻译资源 - 永久开源免费的PHP企业网站开发建设管理系统",""
"81","http://www.qqbytop.com/?learning/","http://127.0.0.1/?learning/","pages/081_index__q_learning__7cd275b8.html","200","text/html; charset=utf-8","26718","英语学习 - 永久开源免费的PHP企业网站开发建设管理系统",""
"","http://www.qqbytop.com/about.html","http://127.0.0.1/about.html","","404","text/html","146","","The remote server returned an error: (404) Not Found."
"","http://www.qqbytop.com/anli.html","http://127.0.0.1/anli.html","","404","text/html","146","","The remote server returned an error: (404) Not Found."
"","http://www.qqbytop.com/pay.html","http://127.0.0.1/pay.html","","404","text/html","146","","The remote server returned an error: (404) Not Found."
"","http://www.qqbytop.com/contact.html","http://127.0.0.1/contact.html","","404","text/html","146","","The remote server returned an error: (404) Not Found."
"82","http://www.qqbytop.com/?Spider/&url=/","http://127.0.0.1/?Spider/&url=/","pages/082_index__q_Spider_url=__e78fbaea.html","200","text/html; charset=utf-8","0","",""
"83","http://www.qqbytop.com/?about_75/","http://127.0.0.1/?about_75/","pages/083_index__q_about_75__00adf7d4.html","200","text/html; charset=utf-8","44396","环境保护 - 永久开源免费的PHP企业网站开发建设管理系统",""
"84","http://www.qqbytop.com/?about_76/","http://127.0.0.1/?about_76/","pages/084_index__q_about_76__d63e9897.html","200","text/html; charset=utf-8","47205","海洋工程 - 永久开源免费的PHP企业网站开发建设管理系统",""
"85","http://www.qqbytop.com/?about_77/","http://127.0.0.1/?about_77/","pages/085_index__q_about_77__5c287f99.html","200","text/html; charset=utf-8","48008","新能源汽车 - 永久开源免费的PHP企业网站开发建设管理系统",""
"86","http://www.qqbytop.com/?about_78/","http://127.0.0.1/?about_78/","pages/086_index__q_about_78__522f0b44.html","200","text/html; charset=utf-8","57812","游戏开发 - 永久开源免费的PHP企业网站开发建设管理系统",""
"87","http://www.qqbytop.com/?about_79/","http://127.0.0.1/?about_79/","pages/087_index__q_about_79__9ca7403c.html","200","text/html; charset=utf-8","47474","广告营销 - 永久开源免费的PHP企业网站开发建设管理系统",""
"88","http://www.qqbytop.com/?about_80/","http://127.0.0.1/?about_80/","pages/088_index__q_about_80__9e556f5f.html","200","text/html; charset=utf-8","44745","包装印刷 - 永久开源免费的PHP企业网站开发建设管理系统",""
"89","http://www.qqbytop.com/?about_81/","http://127.0.0.1/?about_81/","pages/089_index__q_about_81__85a4553c.html","200","text/html; charset=utf-8","46877","家具家居 - 永久开源免费的PHP企业网站开发建设管理系统",""
"90","http://www.qqbytop.com/?about_82/","http://127.0.0.1/?about_82/","pages/090_index__q_about_82__571c363b.html","200","text/html; charset=utf-8","47723","玩具制造 - 永久开源免费的PHP企业网站开发建设管理系统",""
"91","http://www.qqbytop.com/?about_83/","http://127.0.0.1/?about_83/","pages/091_index__q_about_83__f6c4a32d.html","200","text/html; charset=utf-8","45372","奢侈品 - 永久开源免费的PHP企业网站开发建设管理系统",""
"92","http://www.qqbytop.com/?about_84/","http://127.0.0.1/?about_84/","pages/092_index__q_about_84__2d71fec7.html","200","text/html; charset=utf-8","47879","旅游观光 - 永久开源免费的PHP企业网站开发建设管理系统",""
"93","http://www.qqbytop.com/?about_85/","http://127.0.0.1/?about_85/","pages/093_index__q_about_85__b41ec970.html","200","text/html; charset=utf-8","47916","税务审计 - 永久开源免费的PHP企业网站开发建设管理系统",""
"94","http://www.qqbytop.com/?about_86/","http://127.0.0.1/?about_86/","pages/094_index__q_about_86__f708612e.html","200","text/html; charset=utf-8","46380","物流运输 - 永久开源免费的PHP企业网站开发建设管理系统",""
"95","http://www.qqbytop.com/?about_87/","http://127.0.0.1/?about_87/","pages/095_index__q_about_87__955077f4.html","200","text/html; charset=utf-8","47829","文化艺术 - 永久开源免费的PHP企业网站开发建设管理系统",""
"96","http://www.qqbytop.com/?about_88/","http://127.0.0.1/?about_88/","pages/096_index__q_about_88__2cd8d284.html","200","text/html; charset=utf-8","46401","保险精算 - 永久开源免费的PHP企业网站开发建设管理系统",""
"97","http://www.qqbytop.com/?about_89/","http://127.0.0.1/?about_89/","pages/097_index__q_about_89__1fe7ae19.html","200","text/html; charset=utf-8","47816","人力资源 - 永久开源免费的PHP企业网站开发建设管理系统",""
"98","http://www.qqbytop.com/?about_90/","http://127.0.0.1/?about_90/","pages/098_index__q_about_90__ca5adc28.html","200","text/html; charset=utf-8","46249","市场调研 - 永久开源免费的PHP企业网站开发建设管理系统",""
"99","http://www.qqbytop.com/?about_91/","http://127.0.0.1/?about_91/","pages/099_index__q_about_91__030912a7.html","200","text/html; charset=utf-8","47886","园林景观 - 永久开源免费的PHP企业网站开发建设管理系统",""
"100","http://www.qqbytop.com/?about_92/","http://127.0.0.1/?about_92/","pages/100_index__q_about_92__ece7e7cd.html","200","text/html; charset=utf-8","45839","珠宝首饰 - 永久开源免费的PHP企业网站开发建设管理系统",""
"101","http://www.qqbytop.com/?about_93/","http://127.0.0.1/?about_93/","pages/101_index__q_about_93__a378a831.html","200","text/html; charset=utf-8","46848","虚拟现实 - 永久开源免费的PHP企业网站开发建设管理系统",""
"102","http://www.qqbytop.com/?Spider/&url=/?about_54/","http://127.0.0.1/?Spider/&url=/?about_54/","pages/102_index__q_Spider_url=_about_54__f52f9453.html","200","text/html; charset=utf-8","0","",""
"103","http://www.qqbytop.com/?p=/Do/visits/id/133","http://127.0.0.1/?p=/Do/visits/id/133","pages/103_index__q_p=_Do_visits_id_133_cf700043.html","200","text/html; charset=utf-8","7","",""
"104","http://www.qqbytop.com/?question/119.html","http://127.0.0.1/?question/119.html","pages/104_index__q_question_119.html_f1ad02b9.html","200","text/html; charset=utf-8","23176","我对你们翻译的稿件有些异议，该怎么处理呢？ - 永久开源免费的PHP企业网站开发建设管理系统",""
"105","http://www.qqbytop.com/?question/118.html","http://127.0.0.1/?question/118.html","pages/105_index__q_question_118.html_cf977dee.html","200","text/html; charset=utf-8","22945","笔译翻译是怎么收费？ - 永久开源免费的PHP企业网站开发建设管理系统",""
"106","http://www.qqbytop.com/?question/117.html","http://127.0.0.1/?question/117.html","pages/106_index__q_question_117.html_04fada98.html","200","text/html; charset=utf-8","23025","你们机器翻译还是人工翻译？ - 永久开源免费的PHP企业网站开发建设管理系统",""
"107","http://www.qqbytop.com/?question/116.html","http://127.0.0.1/?question/116.html","pages/107_index__q_question_116.html_2421ff47.html","200","text/html; charset=utf-8","24105","为何每家翻译公司的报价不一样? - 永久开源免费的PHP企业网站开发建设管理系统",""
"108","http://www.qqbytop.com/?question/115.html","http://127.0.0.1/?question/115.html","pages/108_index__q_question_115.html_f5f31771.html","200","text/html; charset=utf-8","24208","翻译质量可以保证吗? - 永久开源免费的PHP企业网站开发建设管理系统",""
"109","http://www.qqbytop.com/?question/114.html","http://127.0.0.1/?question/114.html","pages/109_index__q_question_114.html_f567c118.html","200","text/html; charset=utf-8","22853","可以翻译哪些格式的文本文件？ - 永久开源免费的PHP企业网站开发建设管理系统",""
"110","http://www.qqbytop.com/?news/&tag=%E5%8C%97%E4%BA%AC%E7%BF%BB%E8%AF%91%E5%85%AC%E5%8F%B8","http://127.0.0.1/?news/&tag=%E5%8C%97%E4%BA%AC%E7%BF%BB%E8%AF%91%E5%85%AC%E5%8F%B8","pages/110_index__q_news_tag=_E5_8C_97_E4_BA_AC_E7_BF_BB_E8_AF_91_E5_85_AC_E5_8F_B8_b609d7cc.html","200","text/html; charset=utf-8","37019","翻译资讯 - 永久开源免费的PHP企业网站开发建设管理系统",""
"111","http://www.qqbytop.com/?news/&tag=%E4%B8%AD%E6%96%87%E7%AE%80%E5%8E%86%E7%BF%BB%E8%AF%91","http://127.0.0.1/?news/&tag=%E4%B8%AD%E6%96%87%E7%AE%80%E5%8E%86%E7%BF%BB%E8%AF%91","pages/111_index__q_news_tag=_E4_B8_AD_E6_96_87_E7_AE_80_E5_8E_86_E7_BF_BB_E8_AF_91_e5e5023b.html","200","text/html; charset=utf-8","30219","翻译资讯 - 永久开源免费的PHP企业网站开发建设管理系统",""
"112","http://www.qqbytop.com/?news/&tag=%E7%BF%BB%E8%AF%91%E4%BB%B7%E6%A0%BC","http://127.0.0.1/?news/&tag=%E7%BF%BB%E8%AF%91%E4%BB%B7%E6%A0%BC","pages/112_index__q_news_tag=_E7_BF_BB_E8_AF_91_E4_BB_B7_E6_A0_BC_57a5c778.html","200","text/html; charset=utf-8","36911","翻译资讯 - 永久开源免费的PHP企业网站开发建设管理系统",""
"113","http://www.qqbytop.com/?news/&tag=%E4%B8%93%E4%B8%9A%E7%BF%BB%E8%AF%91","http://127.0.0.1/?news/&tag=%E4%B8%93%E4%B8%9A%E7%BF%BB%E8%AF%91","pages/113_index__q_news_tag=_E4_B8_93_E4_B8_9A_E7_BF_BB_E8_AF_91_fdb8bc82.html","200","text/html; charset=utf-8","36911","翻译资讯 - 永久开源免费的PHP企业网站开发建设管理系统",""
"114","http://www.qqbytop.com/?news/&tag=%E5%90%88%E5%90%8C%E7%BF%BB%E8%AF%91","http://127.0.0.1/?news/&tag=%E5%90%88%E5%90%8C%E7%BF%BB%E8%AF%91","pages/114_index__q_news_tag=_E5_90_88_E5_90_8C_E7_BF_BB_E8_AF_91_c4ea80ec.html","200","text/html; charset=utf-8","30200","翻译资讯 - 永久开源免费的PHP企业网站开发建设管理系统",""
"115","http://www.qqbytop.com/?news/&tag=%E5%B7%A5%E7%A8%8B%E6%96%87%E4%BB%B6%E7%BF%BB%E8%AF%91","http://127.0.0.1/?news/&tag=%E5%B7%A5%E7%A8%8B%E6%96%87%E4%BB%B6%E7%BF%BB%E8%AF%91","pages/115_index__q_news_tag=_E5_B7_A5_E7_A8_8B_E6_96_87_E4_BB_B6_E7_BF_BB_E8_AF_91_f16b3abf.html","200","text/html; charset=utf-8","30294","翻译资讯 - 永久开源免费的PHP企业网站开发建设管理系统",""
"116","http://www.qqbytop.com/?news/&tag=%E6%8A%80%E6%9C%AF%E6%96%87%E4%BB%B6%E7%BF%BB%E8%AF%91","http://127.0.0.1/?news/&tag=%E6%8A%80%E6%9C%AF%E6%96%87%E4%BB%B6%E7%BF%BB%E8%AF%91","pages/116_index__q_news_tag=_E6_8A_80_E6_9C_AF_E6_96_87_E4_BB_B6_E7_BF_BB_E8_AF_91_2014c6f8.html","200","text/html; charset=utf-8","30222","翻译资讯 - 永久开源免费的PHP企业网站开发建设管理系统",""
"117","http://www.qqbytop.com/?news/&tag=%E5%8C%BB%E5%AD%A6%E6%96%87%E7%8C%AE%E7%BF%BB%E8%AF%91","http://127.0.0.1/?news/&tag=%E5%8C%BB%E5%AD%A6%E6%96%87%E7%8C%AE%E7%BF%BB%E8%AF%91","pages/117_index__q_news_tag=_E5_8C_BB_E5_AD_A6_E6_96_87_E7_8C_AE_E7_BF_BB_E8_AF_91_a1bc3a18.html","200","text/html; charset=utf-8","30209","翻译资讯 - 永久开源免费的PHP企业网站开发建设管理系统",""
"118","http://www.qqbytop.com/?news/&tag=%E6%A0%87%E4%B9%A6%E7%BF%BB%E8%AF%91","http://127.0.0.1/?news/&tag=%E6%A0%87%E4%B9%A6%E7%BF%BB%E8%AF%91","pages/118_index__q_news_tag=_E6_A0_87_E4_B9_A6_E7_BF_BB_E8_AF_91_966f599c.html","200","text/html; charset=utf-8","30178","翻译资讯 - 永久开源免费的PHP企业网站开发建设管理系统",""
"119","http://www.qqbytop.com/?news/&tag=%E7%AB%A0%E7%A8%8B%E7%BF%BB%E8%AF%91","http://127.0.0.1/?news/&tag=%E7%AB%A0%E7%A8%8B%E7%BF%BB%E8%AF%91","pages/119_index__q_news_tag=_E7_AB_A0_E7_A8_8B_E7_BF_BB_E8_AF_91_6aea8573.html","200","text/html; charset=utf-8","30119","翻译资讯 - 永久开源免费的PHP企业网站开发建设管理系统",""
"120","http://www.qqbytop.com/?Spider/&url=/?about_55/","http://127.0.0.1/?Spider/&url=/?about_55/","pages/120_index__q_Spider_url=_about_55__d7c71d50.html","200","text/html; charset=utf-8","0","",""
"121","http://www.qqbytop.com/?p=/Do/visits/id/134","http://127.0.0.1/?p=/Do/visits/id/134","pages/121_index__q_p=_Do_visits_id_134_a3a8ac30.html","200","text/html; charset=utf-8","7","",""
"122","http://www.qqbytop.com/?Spider/&url=/?about_56/","http://127.0.0.1/?Spider/&url=/?about_56/","pages/122_index__q_Spider_url=_about_56__a611b3fc.html","200","text/html; charset=utf-8","0","",""
"123","http://www.qqbytop.com/?p=/Do/visits/id/135","http://127.0.0.1/?p=/Do/visits/id/135","pages/123_index__q_p=_Do_visits_id_135_f7c1b898.html","200","text/html; charset=utf-8","7","",""
"124","http://www.qqbytop.com/?Spider/&url=/?about_57/","http://127.0.0.1/?Spider/&url=/?about_57/","pages/124_index__q_Spider_url=_about_57__091fb5d6.html","200","text/html; charset=utf-8","0","",""
"125","http://www.qqbytop.com/?p=/Do/visits/id/136","http://127.0.0.1/?p=/Do/visits/id/136","pages/125_index__q_p=_Do_visits_id_136_3599492d.html","200","text/html; charset=utf-8","7","",""
"126","http://www.qqbytop.com/?Spider/&url=/?about_58/","http://127.0.0.1/?Spider/&url=/?about_58/","pages/126_index__q_Spider_url=_about_58__cb09acb8.html","200","text/html; charset=utf-8","0","",""
"127","http://www.qqbytop.com/?p=/Do/visits/id/137","http://127.0.0.1/?p=/Do/visits/id/137","pages/127_index__q_p=_Do_visits_id_137_3b162831.html","200","text/html; charset=utf-8","7","",""
"128","http://www.qqbytop.com/?Spider/&url=/?about_59/","http://127.0.0.1/?Spider/&url=/?about_59/","pages/128_index__q_Spider_url=_about_59__900e3546.html","200","text/html; charset=utf-8","0","",""
"129","http://www.qqbytop.com/?p=/Do/visits/id/138","http://127.0.0.1/?p=/Do/visits/id/138","pages/129_index__q_p=_Do_visits_id_138_570e89a1.html","200","text/html; charset=utf-8","7","",""
"130","http://www.qqbytop.com/?Spider/&url=/?about_60/","http://127.0.0.1/?Spider/&url=/?about_60/","pages/130_index__q_Spider_url=_about_60__dc573622.html","200","text/html; charset=utf-8","0","",""
"131","http://www.qqbytop.com/?p=/Do/visits/id/139","http://127.0.0.1/?p=/Do/visits/id/139","pages/131_index__q_p=_Do_visits_id_139_f0827e3c.html","200","text/html; charset=utf-8","7","",""
"132","http://www.qqbytop.com/?Spider/&url=/?about_61/","http://127.0.0.1/?Spider/&url=/?about_61/","pages/132_index__q_Spider_url=_about_61__a3beb112.html","200","text/html; charset=utf-8","0","",""
"133","http://www.qqbytop.com/?p=/Do/visits/id/140","http://127.0.0.1/?p=/Do/visits/id/140","pages/133_index__q_p=_Do_visits_id_140_2a599da0.html","200","text/html; charset=utf-8","7","",""
"134","http://www.qqbytop.com/?Spider/&url=/?about_62/","http://127.0.0.1/?Spider/&url=/?about_62/","pages/134_index__q_Spider_url=_about_62__202db0c0.html","200","text/html; charset=utf-8","0","",""
"135","http://www.qqbytop.com/?p=/Do/visits/id/141","http://127.0.0.1/?p=/Do/visits/id/141","pages/135_index__q_p=_Do_visits_id_141_36808582.html","200","text/html; charset=utf-8","7","",""
"136","http://www.qqbytop.com/?Spider/&url=/?about_63/","http://127.0.0.1/?Spider/&url=/?about_63/","pages/136_index__q_Spider_url=_about_63__e0ee6d22.html","200","text/html; charset=utf-8","0","",""
"137","http://www.qqbytop.com/?p=/Do/visits/id/142","http://127.0.0.1/?p=/Do/visits/id/142","pages/137_index__q_p=_Do_visits_id_142_26d76f3d.html","200","text/html; charset=utf-8","7","",""
"138","http://www.qqbytop.com/?Spider/&url=/?about_64/","http://127.0.0.1/?Spider/&url=/?about_64/","pages/138_index__q_Spider_url=_about_64__8cb19146.html","200","text/html; charset=utf-8","0","",""
"139","http://www.qqbytop.com/?p=/Do/visits/id/143","http://127.0.0.1/?p=/Do/visits/id/143","pages/139_index__q_p=_Do_visits_id_143_3d51f5c3.html","200","text/html; charset=utf-8","7","",""
"140","http://www.qqbytop.com/?Spider/&url=/?about_65/","http://127.0.0.1/?Spider/&url=/?about_65/","pages/140_index__q_Spider_url=_about_65__d06f83bc.html","200","text/html; charset=utf-8","0","",""
"141","http://www.qqbytop.com/?p=/Do/visits/id/144","http://127.0.0.1/?p=/Do/visits/id/144","pages/141_index__q_p=_Do_visits_id_144_c64781de.html","200","text/html; charset=utf-8","7","",""
"142","http://www.qqbytop.com/?Spider/&url=/?hangtian/","http://127.0.0.1/?Spider/&url=/?hangtian/","pages/142_index__q_Spider_url=_hangtian__7ee8781c.html","200","text/html; charset=utf-8","0","",""
"143","http://www.qqbytop.com/?p=/Do/visits/id/145","http://127.0.0.1/?p=/Do/visits/id/145","pages/143_index__q_p=_Do_visits_id_145_4ba7fafe.html","200","text/html; charset=utf-8","7","",""
"144","http://www.qqbytop.com/?Spider/&url=/?about_67/","http://127.0.0.1/?Spider/&url=/?about_67/","pages/144_index__q_Spider_url=_about_67__1d22b1b4.html","200","text/html; charset=utf-8","0","",""
"145","http://www.qqbytop.com/?p=/Do/visits/id/146","http://127.0.0.1/?p=/Do/visits/id/146","pages/145_index__q_p=_Do_visits_id_146_eb37d278.html","200","text/html; charset=utf-8","7","",""
"146","http://www.qqbytop.com/?Spider/&url=/?about_68/","http://127.0.0.1/?Spider/&url=/?about_68/","pages/146_index__q_Spider_url=_about_68__23ac4549.html","200","text/html; charset=utf-8","0","",""
"147","http://www.qqbytop.com/?p=/Do/visits/id/147","http://127.0.0.1/?p=/Do/visits/id/147","pages/147_index__q_p=_Do_visits_id_147_605e5048.html","200","text/html; charset=utf-8","7","",""
"148","http://www.qqbytop.com/?Spider/&url=/?about_69/","http://127.0.0.1/?Spider/&url=/?about_69/","pages/148_index__q_Spider_url=_about_69__0fb9c39e.html","200","text/html; charset=utf-8","0","",""
"149","http://www.qqbytop.com/?p=/Do/visits/id/148","http://127.0.0.1/?p=/Do/visits/id/148","pages/149_index__q_p=_Do_visits_id_148_bda93fc4.html","200","text/html; charset=utf-8","7","",""
"150","http://www.qqbytop.com/?Spider/&url=/?about_70/","http://127.0.0.1/?Spider/&url=/?about_70/","pages/150_index__q_Spider_url=_about_70__cab41f4d.html","200","text/html; charset=utf-8","0","",""
"151","http://www.qqbytop.com/?p=/Do/visits/id/149","http://127.0.0.1/?p=/Do/visits/id/149","pages/151_index__q_p=_Do_visits_id_149_ea77666c.html","200","text/html; charset=utf-8","7","",""
"152","http://www.qqbytop.com/?Spider/&url=/?about_71/","http://127.0.0.1/?Spider/&url=/?about_71/","pages/152_index__q_Spider_url=_about_71__5629756c.html","200","text/html; charset=utf-8","0","",""
"153","http://www.qqbytop.com/?p=/Do/visits/id/150","http://127.0.0.1/?p=/Do/visits/id/150","pages/153_index__q_p=_Do_visits_id_150_bc36b93f.html","200","text/html; charset=utf-8","7","",""
"154","http://www.qqbytop.com/?Spider/&url=/?about_72/","http://127.0.0.1/?Spider/&url=/?about_72/","pages/154_index__q_Spider_url=_about_72__d5b74237.html","200","text/html; charset=utf-8","0","",""
"155","http://www.qqbytop.com/?p=/Do/visits/id/151","http://127.0.0.1/?p=/Do/visits/id/151","pages/155_index__q_p=_Do_visits_id_151_faed6077.html","200","text/html; charset=utf-8","7","",""
"156","http://www.qqbytop.com/?Spider/&url=/?about_73/","http://127.0.0.1/?Spider/&url=/?about_73/","pages/156_index__q_Spider_url=_about_73__23121932.html","200","text/html; charset=utf-8","0","",""
"157","http://www.qqbytop.com/?p=/Do/visits/id/152","http://127.0.0.1/?p=/Do/visits/id/152","pages/157_index__q_p=_Do_visits_id_152_dff602be.html","200","text/html; charset=utf-8","7","",""
"158","http://www.qqbytop.com/?Spider/&url=/?about_74/","http://127.0.0.1/?Spider/&url=/?about_74/","pages/158_index__q_Spider_url=_about_74__3aba8f9a.html","200","text/html; charset=utf-8","0","",""
"159","http://www.qqbytop.com/?p=/Do/visits/id/153","http://127.0.0.1/?p=/Do/visits/id/153","pages/159_index__q_p=_Do_visits_id_153_66560f4b.html","200","text/html; charset=utf-8","7","",""
"160","http://www.qqbytop.com/?Spider/&url=/?biyi/","http://127.0.0.1/?Spider/&url=/?biyi/","pages/160_index__q_Spider_url=_biyi__807c26db.html","200","text/html; charset=utf-8","0","",""
"161","http://www.qqbytop.com/?p=/Do/visits/id/65","http://127.0.0.1/?p=/Do/visits/id/65","pages/161_index__q_p=_Do_visits_id_65_feedf805.html","200","text/html; charset=utf-8","7","",""
"162","http://www.qqbytop.com/?Spider/&url=/?contract/","http://127.0.0.1/?Spider/&url=/?contract/","pages/162_index__q_Spider_url=_contract__e7985b0e.html","200","text/html; charset=utf-8","0","",""
"163","http://www.qqbytop.com/?p=/Do/visits/id/71","http://127.0.0.1/?p=/Do/visits/id/71","pages/163_index__q_p=_Do_visits_id_71_d73bd051.html","200","text/html; charset=utf-8","7","",""
"164","http://www.qqbytop.com/?Spider/&url=/?biaoshu/","http://127.0.0.1/?Spider/&url=/?biaoshu/","pages/164_index__q_Spider_url=_biaoshu__0ec24059.html","200","text/html; charset=utf-8","0","",""
"165","http://www.qqbytop.com/?p=/Do/visits/id/72","http://127.0.0.1/?p=/Do/visits/id/72","pages/165_index__q_p=_Do_visits_id_72_1099e396.html","200","text/html; charset=utf-8","7","",""
"166","http://www.qqbytop.com/?Spider/&url=/?lunwen/","http://127.0.0.1/?Spider/&url=/?lunwen/","pages/166_index__q_Spider_url=_lunwen__fd49b407.html","200","text/html; charset=utf-8","0","",""
"167","http://www.qqbytop.com/?p=/Do/visits/id/73","http://127.0.0.1/?p=/Do/visits/id/73","pages/167_index__q_p=_Do_visits_id_73_d8982fe0.html","200","text/html; charset=utf-8","7","",""
"168","http://www.qqbytop.com/?Spider/&url=/?tushu/","http://127.0.0.1/?Spider/&url=/?tushu/","pages/168_index__q_Spider_url=_tushu__1f620019.html","200","text/html; charset=utf-8","0","",""
"169","http://www.qqbytop.com/?p=/Do/visits/id/74","http://127.0.0.1/?p=/Do/visits/id/74","pages/169_index__q_p=_Do_visits_id_74_03d93a9d.html","200","text/html; charset=utf-8","7","",""
"170","http://www.qqbytop.com/?Spider/&url=/?zhuanli/","http://127.0.0.1/?Spider/&url=/?zhuanli/","pages/170_index__q_Spider_url=_zhuanli__821622b1.html","200","text/html; charset=utf-8","0","",""
"171","http://www.qqbytop.com/?p=/Do/visits/id/75","http://127.0.0.1/?p=/Do/visits/id/75","pages/171_index__q_p=_Do_visits_id_75_c331b856.html","200","text/html; charset=utf-8","7","",""
"172","http://www.qqbytop.com/?Spider/&url=/?shouce/","http://127.0.0.1/?Spider/&url=/?shouce/","pages/172_index__q_Spider_url=_shouce__059f3302.html","200","text/html; charset=utf-8","0","",""
"173","http://www.qqbytop.com/?p=/Do/visits/id/76","http://127.0.0.1/?p=/Do/visits/id/76","pages/173_index__q_p=_Do_visits_id_76_5861e476.html","200","text/html; charset=utf-8","7","",""
"174","http://www.qqbytop.com/?Spider/&url=/?jianli/","http://127.0.0.1/?Spider/&url=/?jianli/","pages/174_index__q_Spider_url=_jianli__4a7bc519.html","200","text/html; charset=utf-8","0","",""
"175","http://www.qqbytop.com/?p=/Do/visits/id/77","http://127.0.0.1/?p=/Do/visits/id/77","pages/175_index__q_p=_Do_visits_id_77_e54df4ac.html","200","text/html; charset=utf-8","7","",""
"176","http://www.qqbytop.com/?Spider/&url=/?wenxian/","http://127.0.0.1/?Spider/&url=/?wenxian/","pages/176_index__q_Spider_url=_wenxian__2a81dc74.html","200","text/html; charset=utf-8","0","",""
"177","http://www.qqbytop.com/?p=/Do/visits/id/78","http://127.0.0.1/?p=/Do/visits/id/78","pages/177_index__q_p=_Do_visits_id_78_40e8e3b8.html","200","text/html; charset=utf-8","7","",""
"178","http://www.qqbytop.com/?Spider/&url=/?tuzhi/","http://127.0.0.1/?Spider/&url=/?tuzhi/","pages/178_index__q_Spider_url=_tuzhi__f888d914.html","200","text/html; charset=utf-8","0","",""
"179","http://www.qqbytop.com/?p=/Do/visits/id/79","http://127.0.0.1/?p=/Do/visits/id/79","pages/179_index__q_p=_Do_visits_id_79_975f2904.html","200","text/html; charset=utf-8","7","",""
"180","http://www.qqbytop.com/?Spider/&url=/?baogao/","http://127.0.0.1/?Spider/&url=/?baogao/","pages/180_index__q_Spider_url=_baogao__66de9a86.html","200","text/html; charset=utf-8","0","",""
"181","http://www.qqbytop.com/?p=/Do/visits/id/80","http://127.0.0.1/?p=/Do/visits/id/80","pages/181_index__q_p=_Do_visits_id_80_1e61baaa.html","200","text/html; charset=utf-8","7","",""
"182","http://www.qqbytop.com/?Spider/&url=/?shuomingshu/","http://127.0.0.1/?Spider/&url=/?shuomingshu/","pages/182_index__q_Spider_url=_shuomingshu__dbafad99.html","200","text/html; charset=utf-8","0","",""
"183","http://www.qqbytop.com/?p=/Do/visits/id/81","http://127.0.0.1/?p=/Do/visits/id/81","pages/183_index__q_p=_Do_visits_id_81_6b1d163e.html","200","text/html; charset=utf-8","7","",""
"184","http://www.qqbytop.com/?Spider/&url=/?kouyi/","http://127.0.0.1/?Spider/&url=/?kouyi/","pages/184_index__q_Spider_url=_kouyi__c76e648b.html","200","text/html; charset=utf-8","0","",""
"185","http://www.qqbytop.com/?p=/Do/visits/id/66","http://127.0.0.1/?p=/Do/visits/id/66","pages/185_index__q_p=_Do_visits_id_66_c9191612.html","200","text/html; charset=utf-8","7","",""
"186","http://www.qqbytop.com/?Spider/&url=/?about_18/","http://127.0.0.1/?Spider/&url=/?about_18/","pages/186_index__q_Spider_url=_about_18__2e1c7dd5.html","200","text/html; charset=utf-8","0","",""
"187","http://www.qqbytop.com/?p=/Do/visits/id/82","http://127.0.0.1/?p=/Do/visits/id/82","pages/187_index__q_p=_Do_visits_id_82_3f70b491.html","200","text/html; charset=utf-8","7","",""
"188","http://www.qqbytop.com/?Spider/&url=/?about_19/","http://127.0.0.1/?Spider/&url=/?about_19/","pages/188_index__q_Spider_url=_about_19__7a9f4ea8.html","200","text/html; charset=utf-8","0","",""
"189","http://www.qqbytop.com/?p=/Do/visits/id/83","http://127.0.0.1/?p=/Do/visits/id/83","pages/189_index__q_p=_Do_visits_id_83_6e7521ac.html","200","text/html; charset=utf-8","7","",""
"190","http://www.qqbytop.com/?Spider/&url=/?about_20/","http://127.0.0.1/?Spider/&url=/?about_20/","pages/190_index__q_Spider_url=_about_20__54c52646.html","200","text/html; charset=utf-8","0","",""
"191","http://www.qqbytop.com/?p=/Do/visits/id/84","http://127.0.0.1/?p=/Do/visits/id/84","pages/191_index__q_p=_Do_visits_id_84_05e4787b.html","200","text/html; charset=utf-8","7","",""
"192","http://www.qqbytop.com/?Spider/&url=/?about_21/","http://127.0.0.1/?Spider/&url=/?about_21/","pages/192_index__q_Spider_url=_about_21__912955ca.html","200","text/html; charset=utf-8","0","",""
"193","http://www.qqbytop.com/?p=/Do/visits/id/85","http://127.0.0.1/?p=/Do/visits/id/85","pages/193_index__q_p=_Do_visits_id_85_a5509131.html","200","text/html; charset=utf-8","7","",""
"194","http://www.qqbytop.com/?Spider/&url=/?zhengjian/","http://127.0.0.1/?Spider/&url=/?zhengjian/","pages/194_index__q_Spider_url=_zhengjian__0ec5d48a.html","200","text/html; charset=utf-8","0","",""
"195","http://www.qqbytop.com/?p=/Do/visits/id/67","http://127.0.0.1/?p=/Do/visits/id/67","pages/195_index__q_p=_Do_visits_id_67_7c499afb.html","200","text/html; charset=utf-8","7","",""
"196","http://www.qqbytop.com/?Spider/&url=/?hetong/","http://127.0.0.1/?Spider/&url=/?hetong/","pages/196_index__q_Spider_url=_hetong__66714e51.html","200","text/html; charset=utf-8","0","",""
"197","http://www.qqbytop.com/?p=/Do/visits/id/86","http://127.0.0.1/?p=/Do/visits/id/86","pages/197_index__q_p=_Do_visits_id_86_12a16df1.html","200","text/html; charset=utf-8","7","",""
"198","http://www.qqbytop.com/?Spider/&url=/?about_23/","http://127.0.0.1/?Spider/&url=/?about_23/","pages/198_index__q_Spider_url=_about_23__5b0182f8.html","200","text/html; charset=utf-8","0","",""
"199","http://www.qqbytop.com/?p=/Do/visits/id/87","http://127.0.0.1/?p=/Do/visits/id/87","pages/199_index__q_p=_Do_visits_id_87_4264f9dc.html","200","text/html; charset=utf-8","7","",""
"200","http://www.qqbytop.com/?Spider/&url=/?about_24/","http://127.0.0.1/?Spider/&url=/?about_24/","pages/200_index__q_Spider_url=_about_24__fe24c5de.html","200","text/html; charset=utf-8","0","",""
"201","http://www.qqbytop.com/?p=/Do/visits/id/88","http://127.0.0.1/?p=/Do/visits/id/88","pages/201_index__q_p=_Do_visits_id_88_0d83866c.html","200","text/html; charset=utf-8","7","",""
"202","http://www.qqbytop.com/?Spider/&url=/?about_25/","http://127.0.0.1/?Spider/&url=/?about_25/","pages/202_index__q_Spider_url=_about_25__75565a2d.html","200","text/html; charset=utf-8","0","",""
"203","http://www.qqbytop.com/?p=/Do/visits/id/89","http://127.0.0.1/?p=/Do/visits/id/89","pages/203_index__q_p=_Do_visits_id_89_9912ae0d.html","200","text/html; charset=utf-8","7","",""
"204","http://www.qqbytop.com/?Spider/&url=/?about_26/","http://127.0.0.1/?Spider/&url=/?about_26/","pages/204_index__q_Spider_url=_about_26__e08e92fa.html","200","text/html; charset=utf-8","0","",""
"205","http://www.qqbytop.com/?p=/Do/visits/id/90","http://127.0.0.1/?p=/Do/visits/id/90","pages/205_index__q_p=_Do_visits_id_90_cca5bbe3.html","200","text/html; charset=utf-8","7","",""
"206","http://www.qqbytop.com/?Spider/&url=/?about_27/","http://127.0.0.1/?Spider/&url=/?about_27/","pages/206_index__q_Spider_url=_about_27__4a345774.html","200","text/html; charset=utf-8","0","",""
"207","http://www.qqbytop.com/?p=/Do/visits/id/91","http://127.0.0.1/?p=/Do/visits/id/91","pages/207_index__q_p=_Do_visits_id_91_93e745fb.html","200","text/html; charset=utf-8","7","",""
"208","http://www.qqbytop.com/?Spider/&url=/?about_28/","http://127.0.0.1/?Spider/&url=/?about_28/","pages/208_index__q_Spider_url=_about_28__99a3fd66.html","200","text/html; charset=utf-8","0","",""
"209","http://www.qqbytop.com/?p=/Do/visits/id/92","http://127.0.0.1/?p=/Do/visits/id/92","pages/209_index__q_p=_Do_visits_id_92_0ce2e125.html","200","text/html; charset=utf-8","7","",""
"210","http://www.qqbytop.com/?Spider/&url=/?about_29/","http://127.0.0.1/?Spider/&url=/?about_29/","pages/210_index__q_Spider_url=_about_29__43435af2.html","200","text/html; charset=utf-8","0","",""
"211","http://www.qqbytop.com/?p=/Do/visits/id/93","http://127.0.0.1/?p=/Do/visits/id/93","pages/211_index__q_p=_Do_visits_id_93_fc26d1cb.html","200","text/html; charset=utf-8","7","",""
"212","http://www.qqbytop.com/?Spider/&url=/?about_30/","http://127.0.0.1/?Spider/&url=/?about_30/","pages/212_index__q_Spider_url=_about_30__0bfba575.html","200","text/html; charset=utf-8","0","",""
"213","http://www.qqbytop.com/?p=/Do/visits/id/94","http://127.0.0.1/?p=/Do/visits/id/94","pages/213_index__q_p=_Do_visits_id_94_e14ccc3d.html","200","text/html; charset=utf-8","7","",""
"214","http://www.qqbytop.com/?Spider/&url=/?about_31/","http://127.0.0.1/?Spider/&url=/?about_31/","pages/214_index__q_Spider_url=_about_31__411c326e.html","200","text/html; charset=utf-8","0","",""
"215","http://www.qqbytop.com/?p=/Do/visits/id/95","http://127.0.0.1/?p=/Do/visits/id/95","pages/215_index__q_p=_Do_visits_id_95_684ad1a3.html","200","text/html; charset=utf-8","7","",""
"216","http://www.qqbytop.com/?Spider/&url=/?about_32/","http://127.0.0.1/?Spider/&url=/?about_32/","pages/216_index__q_Spider_url=_about_32__799ab553.html","200","text/html; charset=utf-8","0","",""
"217","http://www.qqbytop.com/?p=/Do/visits/id/96","http://127.0.0.1/?p=/Do/visits/id/96","pages/217_index__q_p=_Do_visits_id_96_276ecae6.html","200","text/html; charset=utf-8","7","",""
"218","http://www.qqbytop.com/?Spider/&url=/?about_33/","http://127.0.0.1/?Spider/&url=/?about_33/","pages/218_index__q_Spider_url=_about_33__9a9ec9f6.html","200","text/html; charset=utf-8","0","",""
"219","http://www.qqbytop.com/?p=/Do/visits/id/97","http://127.0.0.1/?p=/Do/visits/id/97","pages/219_index__q_p=_Do_visits_id_97_656fffaf.html","200","text/html; charset=utf-8","7","",""
"220","http://www.qqbytop.com/?Spider/&url=/?about_34/","http://127.0.0.1/?Spider/&url=/?about_34/","pages/220_index__q_Spider_url=_about_34__40ab4c2e.html","200","text/html; charset=utf-8","0","",""
"221","http://www.qqbytop.com/?p=/Do/visits/id/98","http://127.0.0.1/?p=/Do/visits/id/98","pages/221_index__q_p=_Do_visits_id_98_58573118.html","200","text/html; charset=utf-8","7","",""
"222","http://www.qqbytop.com/?Spider/&url=/?about_35/","http://127.0.0.1/?Spider/&url=/?about_35/","pages/222_index__q_Spider_url=_about_35__0a87ed61.html","200","text/html; charset=utf-8","0","",""
"223","http://www.qqbytop.com/?p=/Do/visits/id/99","http://127.0.0.1/?p=/Do/visits/id/99","pages/223_index__q_p=_Do_visits_id_99_12e40998.html","200","text/html; charset=utf-8","7","",""
"224","http://www.qqbytop.com/?Spider/&url=/?about_36/","http://127.0.0.1/?Spider/&url=/?about_36/","pages/224_index__q_Spider_url=_about_36__ed7c97ad.html","200","text/html; charset=utf-8","0","",""
"225","http://www.qqbytop.com/?p=/Do/visits/id/100","http://127.0.0.1/?p=/Do/visits/id/100","pages/225_index__q_p=_Do_visits_id_100_886922d0.html","200","text/html; charset=utf-8","7","",""
"226","http://www.qqbytop.com/?Spider/&url=/?yuzhong/","http://127.0.0.1/?Spider/&url=/?yuzhong/","pages/226_index__q_Spider_url=_yuzhong__97441176.html","200","text/html; charset=utf-8","0","",""
"227","http://www.qqbytop.com/?p=/Do/visits/id/68","http://127.0.0.1/?p=/Do/visits/id/68","pages/227_index__q_p=_Do_visits_id_68_4e96d366.html","200","text/html; charset=utf-8","7","",""
"228","http://www.qqbytop.com/?Spider/&url=/?about_37/","http://127.0.0.1/?Spider/&url=/?about_37/","pages/228_index__q_Spider_url=_about_37__c9022e93.html","200","text/html; charset=utf-8","0","",""
"229","http://www.qqbytop.com/?p=/Do/visits/id/101","http://127.0.0.1/?p=/Do/visits/id/101","pages/229_index__q_p=_Do_visits_id_101_54c5694d.html","200","text/html; charset=utf-8","7","",""
"230","http://www.qqbytop.com/?Spider/&url=/?about_38/","http://127.0.0.1/?Spider/&url=/?about_38/","pages/230_index__q_Spider_url=_about_38__de484b2d.html","200","text/html; charset=utf-8","0","",""
"231","http://www.qqbytop.com/?p=/Do/visits/id/102","http://127.0.0.1/?p=/Do/visits/id/102","pages/231_index__q_p=_Do_visits_id_102_55d64d04.html","200","text/html; charset=utf-8","7","",""
"232","http://www.qqbytop.com/?Spider/&url=/?about_39/","http://127.0.0.1/?Spider/&url=/?about_39/","pages/232_index__q_Spider_url=_about_39__57757608.html","200","text/html; charset=utf-8","0","",""
"233","http://www.qqbytop.com/?p=/Do/visits/id/103","http://127.0.0.1/?p=/Do/visits/id/103","pages/233_index__q_p=_Do_visits_id_103_a8917b5f.html","200","text/html; charset=utf-8","7","",""
"234","http://www.qqbytop.com/?Spider/&url=/?about_40/","http://127.0.0.1/?Spider/&url=/?about_40/","pages/234_index__q_Spider_url=_about_40__3c04e00c.html","200","text/html; charset=utf-8","0","",""
"235","http://www.qqbytop.com/?p=/Do/visits/id/104","http://127.0.0.1/?p=/Do/visits/id/104","pages/235_index__q_p=_Do_visits_id_104_b03a414c.html","200","text/html; charset=utf-8","7","",""
"236","http://www.qqbytop.com/?Spider/&url=/?about_41/","http://127.0.0.1/?Spider/&url=/?about_41/","pages/236_index__q_Spider_url=_about_41__22213741.html","200","text/html; charset=utf-8","0","",""
"237","http://www.qqbytop.com/?p=/Do/visits/id/105","http://127.0.0.1/?p=/Do/visits/id/105","pages/237_index__q_p=_Do_visits_id_105_04c0d1a6.html","200","text/html; charset=utf-8","7","",""
"238","http://www.qqbytop.com/?Spider/&url=/?about_42/","http://127.0.0.1/?Spider/&url=/?about_42/","pages/238_index__q_Spider_url=_about_42__dc18a5bb.html","200","text/html; charset=utf-8","0","",""
"239","http://www.qqbytop.com/?p=/Do/visits/id/106","http://127.0.0.1/?p=/Do/visits/id/106","pages/239_index__q_p=_Do_visits_id_106_58609eee.html","200","text/html; charset=utf-8","7","",""
"240","http://www.qqbytop.com/?Spider/&url=/?about_43/","http://127.0.0.1/?Spider/&url=/?about_43/","pages/240_index__q_Spider_url=_about_43__ab45c647.html","200","text/html; charset=utf-8","0","",""
"241","http://www.qqbytop.com/?p=/Do/visits/id/107","http://127.0.0.1/?p=/Do/visits/id/107","pages/241_index__q_p=_Do_visits_id_107_54286a65.html","200","text/html; charset=utf-8","7","",""
"242","http://www.qqbytop.com/?Spider/&url=/?about_44/","http://127.0.0.1/?Spider/&url=/?about_44/","pages/242_index__q_Spider_url=_about_44__80ec916d.html","200","text/html; charset=utf-8","0","",""
"243","http://www.qqbytop.com/?p=/Do/visits/id/108","http://127.0.0.1/?p=/Do/visits/id/108","pages/243_index__q_p=_Do_visits_id_108_f7438b9a.html","200","text/html; charset=utf-8","7","",""
"244","http://www.qqbytop.com/?Spider/&url=/?about_45/","http://127.0.0.1/?Spider/&url=/?about_45/","pages/244_index__q_Spider_url=_about_45__77265d5f.html","200","text/html; charset=utf-8","0","",""
"245","http://www.qqbytop.com/?p=/Do/visits/id/109","http://127.0.0.1/?p=/Do/visits/id/109","pages/245_index__q_p=_Do_visits_id_109_02d2d7ae.html","200","text/html; charset=utf-8","7","",""
"246","http://www.qqbytop.com/?Spider/&url=/?about_46/","http://127.0.0.1/?Spider/&url=/?about_46/","pages/246_index__q_Spider_url=_about_46__87385ee1.html","200","text/html; charset=utf-8","0","",""
"247","http://www.qqbytop.com/?p=/Do/visits/id/110","http://127.0.0.1/?p=/Do/visits/id/110","pages/247_index__q_p=_Do_visits_id_110_4b76e6d7.html","200","text/html; charset=utf-8","7","",""
"248","http://www.qqbytop.com/?Spider/&url=/?about_47/","http://127.0.0.1/?Spider/&url=/?about_47/","pages/248_index__q_Spider_url=_about_47__252d9d44.html","200","text/html; charset=utf-8","0","",""
"249","http://www.qqbytop.com/?p=/Do/visits/id/111","http://127.0.0.1/?p=/Do/visits/id/111","pages/249_index__q_p=_Do_visits_id_111_e88d438f.html","200","text/html; charset=utf-8","7","",""
"250","http://www.qqbytop.com/?Spider/&url=/?about_48/","http://127.0.0.1/?Spider/&url=/?about_48/","pages/250_index__q_Spider_url=_about_48__9ba5a936.html","200","text/html; charset=utf-8","0","",""
"251","http://www.qqbytop.com/?p=/Do/visits/id/112","http://127.0.0.1/?p=/Do/visits/id/112","pages/251_index__q_p=_Do_visits_id_112_1bdd30e8.html","200","text/html; charset=utf-8","7","",""
"252","http://www.qqbytop.com/?Spider/&url=/?company/","http://127.0.0.1/?Spider/&url=/?company/","pages/252_index__q_Spider_url=_company__d961a64d.html","200","text/html; charset=utf-8","0","",""
"253","http://www.qqbytop.com/?p=/Do/visits/id/70","http://127.0.0.1/?p=/Do/visits/id/70","pages/253_index__q_p=_Do_visits_id_70_cced12ae.html","200","text/html; charset=utf-8","7","",""
"254","http://www.qqbytop.com/?Spider/&url=/?aboutus/","http://127.0.0.1/?Spider/&url=/?aboutus/","pages/254_index__q_Spider_url=_aboutus__42e53e99.html","200","text/html; charset=utf-8","0","",""
"255","http://www.qqbytop.com/?p=/Do/visits/id/121","http://127.0.0.1/?p=/Do/visits/id/121","pages/255_index__q_p=_Do_visits_id_121_13c4a8c2.html","200","text/html; charset=utf-8","7","",""
"256","http://www.qqbytop.com/?Spider/&url=/?contractus/","http://127.0.0.1/?Spider/&url=/?contractus/","pages/256_index__q_Spider_url=_contractus__8e254586.html","200","text/html; charset=utf-8","0","",""
"257","http://www.qqbytop.com/?p=/Do/visits/id/122","http://127.0.0.1/?p=/Do/visits/id/122","pages/257_index__q_p=_Do_visits_id_122_c8fcb0a1.html","200","text/html; charset=utf-8","7","",""
"258","http://www.qqbytop.com/?question/","http://127.0.0.1/?question/","pages/258_index__q_question__84eb93de.html","200","text/html; charset=utf-8","27307","翻译客户常见问题 - 永久开源免费的PHP企业网站开发建设管理系统",""
"259","http://www.qqbytop.com/?guarantee/","http://127.0.0.1/?guarantee/","pages/259_index__q_guarantee__8682f085.html","200","text/html; charset=utf-8","25392","质量保证 - 永久开源免费的PHP企业网站开发建设管理系统",""
"260","http://www.qqbytop.com/?Spider/&url=/?zhiliang/","http://127.0.0.1/?Spider/&url=/?zhiliang/","pages/260_index__q_Spider_url=_zhiliang__44d47296.html","200","text/html; charset=utf-8","0","",""
"261","http://www.qqbytop.com/?p=/Do/visits/id/69","http://127.0.0.1/?p=/Do/visits/id/69","pages/261_index__q_p=_Do_visits_id_69_f71e5804.html","200","text/html; charset=utf-8","7","",""
"262","http://www.qqbytop.com/?news_2/","http://127.0.0.1/?news_2/","pages/262_index__q_news_2__acc01282.html","200","text/html; charset=utf-8","36634","翻译资讯 - 永久开源免费的PHP企业网站开发建设管理系统",""
"263","http://www.qqbytop.com/?Spider/&url=/?news/","http://127.0.0.1/?Spider/&url=/?news/","pages/263_index__q_Spider_url=_news__a7238961.html","200","text/html; charset=utf-8","0","",""
"","http://www.qqbytop.com/biyizixun.html","http://127.0.0.1/biyizixun.html","","404","text/html","146","","The remote server returned an error: (404) Not Found."
"264","http://www.qqbytop.com/?news/124.html","http://127.0.0.1/?news/124.html","pages/264_index__q_news_124.html_99925000.html","200","text/html; charset=utf-8","40821","技术文件翻译 - 永久开源免费的PHP企业网站开发建设管理系统",""
"","http://www.qqbytop.com/fanyifuwu/","http://127.0.0.1/fanyifuwu/","","404","text/html","146","","The remote server returned an error: (404) Not Found."
"265","http://www.qqbytop.com/?Spider/&url=/?news/zhongyinghetong.html","http://127.0.0.1/?Spider/&url=/?news/zhongyinghetong.html","pages/265_index__q_Spider_url=_news_zhongyinghetong.html_7c79172c.html","200","text/html; charset=utf-8","0","",""
"266","http://www.qqbytop.com/?p=/Do/visits/id/123","http://127.0.0.1/?p=/Do/visits/id/123","pages/266_index__q_p=_Do_visits_id_123_de44c68b.html","200","text/html; charset=utf-8","7","",""
"267","http://www.qqbytop.com/?Spider/&url=/?news/132.html","http://127.0.0.1/?Spider/&url=/?news/132.html","pages/267_index__q_Spider_url=_news_132.html_25cd03ab.html","200","text/html; charset=utf-8","0","",""
"268","http://www.qqbytop.com/?p=/Do/visits/id/132","http://127.0.0.1/?p=/Do/visits/id/132","pages/268_index__q_p=_Do_visits_id_132_693e50de.html","200","text/html; charset=utf-8","7","",""
"269","http://www.qqbytop.com/?Spider/&url=/?news/131.html","http://127.0.0.1/?Spider/&url=/?news/131.html","pages/269_index__q_Spider_url=_news_131.html_f56c106e.html","200","text/html; charset=utf-8","0","",""
"270","http://www.qqbytop.com/?p=/Do/visits/id/131","http://127.0.0.1/?p=/Do/visits/id/131","pages/270_index__q_p=_Do_visits_id_131_ce12fdec.html","200","text/html; charset=utf-8","7","",""
"271","http://www.qqbytop.com/?Spider/&url=/?news/130.html","http://127.0.0.1/?Spider/&url=/?news/130.html","pages/271_index__q_Spider_url=_news_130.html_a674a980.html","200","text/html; charset=utf-8","0","",""
"272","http://www.qqbytop.com/?p=/Do/visits/id/130","http://127.0.0.1/?p=/Do/visits/id/130","pages/272_index__q_p=_Do_visits_id_130_b28e7493.html","200","text/html; charset=utf-8","7","",""
"273","http://www.qqbytop.com/?Spider/&url=/?news/129.html","http://127.0.0.1/?Spider/&url=/?news/129.html","pages/273_index__q_Spider_url=_news_129.html_4b1769af.html","200","text/html; charset=utf-8","0","",""
"274","http://www.qqbytop.com/?p=/Do/visits/id/129","http://127.0.0.1/?p=/Do/visits/id/129","pages/274_index__q_p=_Do_visits_id_129_020e5aff.html","200","text/html; charset=utf-8","7","",""
"275","http://www.qqbytop.com/?news/127.html","http://127.0.0.1/?news/127.html","pages/275_index__q_news_127.html_2417ace3.html","200","text/html; charset=utf-8","41318","病历报告翻译 - 永久开源免费的PHP企业网站开发建设管理系统",""
"276","http://www.qqbytop.com/?Spider/&url=/?news/128.html","http://127.0.0.1/?Spider/&url=/?news/128.html","pages/276_index__q_Spider_url=_news_128.html_7ad4b9b2.html","200","text/html; charset=utf-8","0","",""
"277","http://www.qqbytop.com/?p=/Do/visits/id/128","http://127.0.0.1/?p=/Do/visits/id/128","pages/277_index__q_p=_Do_visits_id_128_95e7dc05.html","200","text/html; charset=utf-8","7","",""
"278","http://www.qqbytop.com/?Spider/&url=/?resources/","http://127.0.0.1/?Spider/&url=/?resources/","pages/278_index__q_Spider_url=_resources__b15c0d03.html","200","text/html; charset=utf-8","0","",""
"279","http://www.qqbytop.com/?Spider/&url=/?learning/","http://127.0.0.1/?Spider/&url=/?learning/","pages/279_index__q_Spider_url=_learning__a85e2781.html","200","text/html; charset=utf-8","0","",""
"280","http://www.qqbytop.com/?Spider/&url=/?about_75/","http://127.0.0.1/?Spider/&url=/?about_75/","pages/280_index__q_Spider_url=_about_75__2c444305.html","200","text/html; charset=utf-8","0","",""
"281","http://www.qqbytop.com/?p=/Do/visits/id/154","http://127.0.0.1/?p=/Do/visits/id/154","pages/281_index__q_p=_Do_visits_id_154_cc24dfcc.html","200","text/html; charset=utf-8","7","",""
"282","http://www.qqbytop.com/?Spider/&url=/?about_76/","http://127.0.0.1/?Spider/&url=/?about_76/","pages/282_index__q_Spider_url=_about_76__d9353789.html","200","text/html; charset=utf-8","0","",""
"283","http://www.qqbytop.com/?p=/Do/visits/id/155","http://127.0.0.1/?p=/Do/visits/id/155","pages/283_index__q_p=_Do_visits_id_155_e1398e10.html","200","text/html; charset=utf-8","7","",""
"284","http://www.qqbytop.com/?Spider/&url=/?about_77/","http://127.0.0.1/?Spider/&url=/?about_77/","pages/284_index__q_Spider_url=_about_77__941d7cc2.html","200","text/html; charset=utf-8","0","",""
"285","http://www.qqbytop.com/?p=/Do/visits/id/156","http://127.0.0.1/?p=/Do/visits/id/156","pages/285_index__q_p=_Do_visits_id_156_6fa6dbb6.html","200","text/html; charset=utf-8","7","",""
"286","http://www.qqbytop.com/?Spider/&url=/?about_78/","http://127.0.0.1/?Spider/&url=/?about_78/","pages/286_index__q_Spider_url=_about_78__979e41df.html","200","text/html; charset=utf-8","0","",""
"287","http://www.qqbytop.com/?p=/Do/visits/id/157","http://127.0.0.1/?p=/Do/visits/id/157","pages/287_index__q_p=_Do_visits_id_157_05bd31e3.html","200","text/html; charset=utf-8","7","",""
"288","http://www.qqbytop.com/?Spider/&url=/?about_79/","http://127.0.0.1/?Spider/&url=/?about_79/","pages/288_index__q_Spider_url=_about_79__9f557f4b.html","200","text/html; charset=utf-8","0","",""
"289","http://www.qqbytop.com/?p=/Do/visits/id/158","http://127.0.0.1/?p=/Do/visits/id/158","pages/289_index__q_p=_Do_visits_id_158_4169971a.html","200","text/html; charset=utf-8","7","",""
"290","http://www.qqbytop.com/?Spider/&url=/?about_80/","http://127.0.0.1/?Spider/&url=/?about_80/","pages/290_index__q_Spider_url=_about_80__d8bb8045.html","200","text/html; charset=utf-8","0","",""
"291","http://www.qqbytop.com/?p=/Do/visits/id/159","http://127.0.0.1/?p=/Do/visits/id/159","pages/291_index__q_p=_Do_visits_id_159_bfb7d529.html","200","text/html; charset=utf-8","7","",""
"292","http://www.qqbytop.com/?Spider/&url=/?about_81/","http://127.0.0.1/?Spider/&url=/?about_81/","pages/292_index__q_Spider_url=_about_81__2e2518ab.html","200","text/html; charset=utf-8","0","",""
"293","http://www.qqbytop.com/?p=/Do/visits/id/160","http://127.0.0.1/?p=/Do/visits/id/160","pages/293_index__q_p=_Do_visits_id_160_d2dc2948.html","200","text/html; charset=utf-8","7","",""
"294","http://www.qqbytop.com/?Spider/&url=/?about_82/","http://127.0.0.1/?Spider/&url=/?about_82/","pages/294_index__q_Spider_url=_about_82__170ee988.html","200","text/html; charset=utf-8","0","",""
"295","http://www.qqbytop.com/?p=/Do/visits/id/161","http://127.0.0.1/?p=/Do/visits/id/161","pages/295_index__q_p=_Do_visits_id_161_978759fc.html","200","text/html; charset=utf-8","7","",""
"296","http://www.qqbytop.com/?Spider/&url=/?about_83/","http://127.0.0.1/?Spider/&url=/?about_83/","pages/296_index__q_Spider_url=_about_83__58c8e98c.html","200","text/html; charset=utf-8","0","",""
"297","http://www.qqbytop.com/?p=/Do/visits/id/162","http://127.0.0.1/?p=/Do/visits/id/162","pages/297_index__q_p=_Do_visits_id_162_9ad7eda9.html","200","text/html; charset=utf-8","7","",""
"298","http://www.qqbytop.com/?Spider/&url=/?about_84/","http://127.0.0.1/?Spider/&url=/?about_84/","pages/298_index__q_Spider_url=_about_84__eb45505c.html","200","text/html; charset=utf-8","0","",""
"299","http://www.qqbytop.com/?p=/Do/visits/id/163","http://127.0.0.1/?p=/Do/visits/id/163","pages/299_index__q_p=_Do_visits_id_163_1a1c5c98.html","200","text/html; charset=utf-8","7","",""
"300","http://www.qqbytop.com/?Spider/&url=/?about_85/","http://127.0.0.1/?Spider/&url=/?about_85/","pages/300_index__q_Spider_url=_about_85__e7938577.html","200","text/html; charset=utf-8","0","",""
"301","http://www.qqbytop.com/?p=/Do/visits/id/164","http://127.0.0.1/?p=/Do/visits/id/164","pages/301_index__q_p=_Do_visits_id_164_a543a0eb.html","200","text/html; charset=utf-8","7","",""
"302","http://www.qqbytop.com/?Spider/&url=/?about_86/","http://127.0.0.1/?Spider/&url=/?about_86/","pages/302_index__q_Spider_url=_about_86__1b072bcc.html","200","text/html; charset=utf-8","0","",""
"303","http://www.qqbytop.com/?p=/Do/visits/id/165","http://127.0.0.1/?p=/Do/visits/id/165","pages/303_index__q_p=_Do_visits_id_165_59978fdd.html","200","text/html; charset=utf-8","7","",""
"304","http://www.qqbytop.com/?Spider/&url=/?about_87/","http://127.0.0.1/?Spider/&url=/?about_87/","pages/304_index__q_Spider_url=_about_87__8a4fa641.html","200","text/html; charset=utf-8","0","",""
"305","http://www.qqbytop.com/?p=/Do/visits/id/166","http://127.0.0.1/?p=/Do/visits/id/166","pages/305_index__q_p=_Do_visits_id_166_55b397e7.html","200","text/html; charset=utf-8","7","",""
"306","http://www.qqbytop.com/?Spider/&url=/?about_88/","http://127.0.0.1/?Spider/&url=/?about_88/","pages/306_index__q_Spider_url=_about_88__65ff62f3.html","200","text/html; charset=utf-8","0","",""
"307","http://www.qqbytop.com/?p=/Do/visits/id/167","http://127.0.0.1/?p=/Do/visits/id/167","pages/307_index__q_p=_Do_visits_id_167_5e6329e0.html","200","text/html; charset=utf-8","7","",""
"308","http://www.qqbytop.com/?Spider/&url=/?about_89/","http://127.0.0.1/?Spider/&url=/?about_89/","pages/308_index__q_Spider_url=_about_89__0908dd9e.html","200","text/html; charset=utf-8","0","",""
"309","http://www.qqbytop.com/?p=/Do/visits/id/168","http://127.0.0.1/?p=/Do/visits/id/168","pages/309_index__q_p=_Do_visits_id_168_3a09fc72.html","200","text/html; charset=utf-8","7","",""
"310","http://www.qqbytop.com/?Spider/&url=/?about_90/","http://127.0.0.1/?Spider/&url=/?about_90/","pages/310_index__q_Spider_url=_about_90__a76c83d8.html","200","text/html; charset=utf-8","0","",""
"311","http://www.qqbytop.com/?p=/Do/visits/id/169","http://127.0.0.1/?p=/Do/visits/id/169","pages/311_index__q_p=_Do_visits_id_169_5c83ff5a.html","200","text/html; charset=utf-8","7","",""
"312","http://www.qqbytop.com/?Spider/&url=/?about_91/","http://127.0.0.1/?Spider/&url=/?about_91/","pages/312_index__q_Spider_url=_about_91__71d94d38.html","200","text/html; charset=utf-8","0","",""
"313","http://www.qqbytop.com/?p=/Do/visits/id/170","http://127.0.0.1/?p=/Do/visits/id/170","pages/313_index__q_p=_Do_visits_id_170_86c71a45.html","200","text/html; charset=utf-8","7","",""
"314","http://www.qqbytop.com/?Spider/&url=/?about_92/","http://127.0.0.1/?Spider/&url=/?about_92/","pages/314_index__q_Spider_url=_about_92__9de70be9.html","200","text/html; charset=utf-8","0","",""
"315","http://www.qqbytop.com/?p=/Do/visits/id/171","http://127.0.0.1/?p=/Do/visits/id/171","pages/315_index__q_p=_Do_visits_id_171_d92306e2.html","200","text/html; charset=utf-8","7","",""
"316","http://www.qqbytop.com/?Spider/&url=/?about_93/","http://127.0.0.1/?Spider/&url=/?about_93/","pages/316_index__q_Spider_url=_about_93__62bb59a4.html","200","text/html; charset=utf-8","0","",""
"317","http://www.qqbytop.com/?p=/Do/visits/id/172","http://127.0.0.1/?p=/Do/visits/id/172","pages/317_index__q_p=_Do_visits_id_172_d3e5691c.html","200","text/html; charset=utf-8","7","",""
"318","http://www.qqbytop.com/?Spider/&url=/?question/119.html","http://127.0.0.1/?Spider/&url=/?question/119.html","pages/318_index__q_Spider_url=_question_119.html_c84129e3.html","200","text/html; charset=utf-8","0","",""
"319","http://www.qqbytop.com/?p=/Do/visits/id/119","http://127.0.0.1/?p=/Do/visits/id/119","pages/319_index__q_p=_Do_visits_id_119_97c1d14e.html","200","text/html; charset=utf-8","7","",""
"320","http://www.qqbytop.com/?Spider/&url=/?question/118.html","http://127.0.0.1/?Spider/&url=/?question/118.html","pages/320_index__q_Spider_url=_question_118.html_d51bae02.html","200","text/html; charset=utf-8","0","",""
"321","http://www.qqbytop.com/?p=/Do/visits/id/118","http://127.0.0.1/?p=/Do/visits/id/118","pages/321_index__q_p=_Do_visits_id_118_d967b3f4.html","200","text/html; charset=utf-8","7","",""
"322","http://www.qqbytop.com/?Spider/&url=/?question/117.html","http://127.0.0.1/?Spider/&url=/?question/117.html","pages/322_index__q_Spider_url=_question_117.html_e5dc1a30.html","200","text/html; charset=utf-8","0","",""
"323","http://www.qqbytop.com/?p=/Do/visits/id/117","http://127.0.0.1/?p=/Do/visits/id/117","pages/323_index__q_p=_Do_visits_id_117_ca6347d8.html","200","text/html; charset=utf-8","7","",""
"324","http://www.qqbytop.com/?Spider/&url=/?question/116.html","http://127.0.0.1/?Spider/&url=/?question/116.html","pages/324_index__q_Spider_url=_question_116.html_94f18804.html","200","text/html; charset=utf-8","0","",""
"325","http://www.qqbytop.com/?p=/Do/visits/id/116","http://127.0.0.1/?p=/Do/visits/id/116","pages/325_index__q_p=_Do_visits_id_116_99580bec.html","200","text/html; charset=utf-8","7","",""
"326","http://www.qqbytop.com/?Spider/&url=/?question/115.html","http://127.0.0.1/?Spider/&url=/?question/115.html","pages/326_index__q_Spider_url=_question_115.html_e1c52ae8.html","200","text/html; charset=utf-8","0","",""
"327","http://www.qqbytop.com/?p=/Do/visits/id/115","http://127.0.0.1/?p=/Do/visits/id/115","pages/327_index__q_p=_Do_visits_id_115_a2918197.html","200","text/html; charset=utf-8","7","",""
"328","http://www.qqbytop.com/?Spider/&url=/?question/114.html","http://127.0.0.1/?Spider/&url=/?question/114.html","pages/328_index__q_Spider_url=_question_114.html_7c7078df.html","200","text/html; charset=utf-8","0","",""
"329","http://www.qqbytop.com/?p=/Do/visits/id/114","http://127.0.0.1/?p=/Do/visits/id/114","pages/329_index__q_p=_Do_visits_id_114_19a7006b.html","200","text/html; charset=utf-8","7","",""
"330","http://www.qqbytop.com/?news&tag=%E5%8C%97%E4%BA%AC%E7%BF%BB%E8%AF%91%E5%85%AC%E5%8F%B8","http://127.0.0.1/?news&tag=%E5%8C%97%E4%BA%AC%E7%BF%BB%E8%AF%91%E5%85%AC%E5%8F%B8","pages/330_index__q_news_tag=_E5_8C_97_E4_BA_AC_E7_BF_BB_E8_AF_91_E5_85_AC_E5_8F_B8_e77284b4.html","200","text/html; charset=utf-8","37042","翻译资讯 - 永久开源免费的PHP企业网站开发建设管理系统",""
"331","http://www.qqbytop.com/?news_2&tag=%E5%8C%97%E4%BA%AC%E7%BF%BB%E8%AF%91%E5%85%AC%E5%8F%B8","http://127.0.0.1/?news_2&tag=%E5%8C%97%E4%BA%AC%E7%BF%BB%E8%AF%91%E5%85%AC%E5%8F%B8","pages/331_index__q_news_2_tag=_E5_8C_97_E4_BA_AC_E7_BF_BB_E8_AF_91_E5_85_AC_E5_8F_B8_75ebe558.html","200","text/html; charset=utf-8","37006","翻译资讯 - 永久开源免费的PHP企业网站开发建设管理系统",""
"332","http://www.qqbytop.com/?Spider/&url=/?news/&tag=%E5%8C%97%E4%BA%AC%E7%BF%BB%E8%AF%91%E5%85%AC%E5%8F%B8","http://127.0.0.1/?Spider/&url=/?news/&tag=%E5%8C%97%E4%BA%AC%E7%BF%BB%E8%AF%91%E5%85%AC%E5%8F%B8","pages/332_index__q_Spider_url=_news_tag=_E5_8C_97_E4_BA_AC_E7_BF_BB_E8_AF_91_E5_85_AC_E5_8F_B8_71ab1020.html","200","text/html; charset=utf-8","0","",""
"333","http://www.qqbytop.com/?news&tag=%E4%B8%AD%E6%96%87%E7%AE%80%E5%8E%86%E7%BF%BB%E8%AF%91","http://127.0.0.1/?news&tag=%E4%B8%AD%E6%96%87%E7%AE%80%E5%8E%86%E7%BF%BB%E8%AF%91","pages/333_index__q_news_tag=_E4_B8_AD_E6_96_87_E7_AE_80_E5_8E_86_E7_BF_BB_E8_AF_91_baa2c4da.html","200","text/html; charset=utf-8","30242","翻译资讯 - 永久开源免费的PHP企业网站开发建设管理系统",""
"334","http://www.qqbytop.com/?Spider/&url=/?news/&tag=%E4%B8%AD%E6%96%87%E7%AE%80%E5%8E%86%E7%BF%BB%E8%AF%91","http://127.0.0.1/?Spider/&url=/?news/&tag=%E4%B8%AD%E6%96%87%E7%AE%80%E5%8E%86%E7%BF%BB%E8%AF%91","pages/334_index__q_Spider_url=_news_tag=_E4_B8_AD_E6_96_87_E7_AE_80_E5_8E_86_E7_BF_BB_E8_AF_91_442a6372.html","200","text/html; charset=utf-8","0","",""
"335","http://www.qqbytop.com/?news&tag=%E7%BF%BB%E8%AF%91%E4%BB%B7%E6%A0%BC","http://127.0.0.1/?news&tag=%E7%BF%BB%E8%AF%91%E4%BB%B7%E6%A0%BC","pages/335_index__q_news_tag=_E7_BF_BB_E8_AF_91_E4_BB_B7_E6_A0_BC_a15a2394.html","200","text/html; charset=utf-8","36934","翻译资讯 - 永久开源免费的PHP企业网站开发建设管理系统",""
"336","http://www.qqbytop.com/?news_2&tag=%E7%BF%BB%E8%AF%91%E4%BB%B7%E6%A0%BC","http://127.0.0.1/?news_2&tag=%E7%BF%BB%E8%AF%91%E4%BB%B7%E6%A0%BC","pages/336_index__q_news_2_tag=_E7_BF_BB_E8_AF_91_E4_BB_B7_E6_A0_BC_92d78619.html","200","text/html; charset=utf-8","36898","翻译资讯 - 永久开源免费的PHP企业网站开发建设管理系统",""
"337","http://www.qqbytop.com/?Spider/&url=/?news/&tag=%E7%BF%BB%E8%AF%91%E4%BB%B7%E6%A0%BC","http://127.0.0.1/?Spider/&url=/?news/&tag=%E7%BF%BB%E8%AF%91%E4%BB%B7%E6%A0%BC","pages/337_index__q_Spider_url=_news_tag=_E7_BF_BB_E8_AF_91_E4_BB_B7_E6_A0_BC_2844aa97.html","200","text/html; charset=utf-8","0","",""
"338","http://www.qqbytop.com/?news&tag=%E4%B8%93%E4%B8%9A%E7%BF%BB%E8%AF%91","http://127.0.0.1/?news&tag=%E4%B8%93%E4%B8%9A%E7%BF%BB%E8%AF%91","pages/338_index__q_news_tag=_E4_B8_93_E4_B8_9A_E7_BF_BB_E8_AF_91_be0a4164.html","200","text/html; charset=utf-8","36934","翻译资讯 - 永久开源免费的PHP企业网站开发建设管理系统",""
"339","http://www.qqbytop.com/?news_2&tag=%E4%B8%93%E4%B8%9A%E7%BF%BB%E8%AF%91","http://127.0.0.1/?news_2&tag=%E4%B8%93%E4%B8%9A%E7%BF%BB%E8%AF%91","pages/339_index__q_news_2_tag=_E4_B8_93_E4_B8_9A_E7_BF_BB_E8_AF_91_f0841c30.html","200","text/html; charset=utf-8","36898","翻译资讯 - 永久开源免费的PHP企业网站开发建设管理系统",""
"340","http://www.qqbytop.com/?Spider/&url=/?news/&tag=%E4%B8%93%E4%B8%9A%E7%BF%BB%E8%AF%91","http://127.0.0.1/?Spider/&url=/?news/&tag=%E4%B8%93%E4%B8%9A%E7%BF%BB%E8%AF%91","pages/340_index__q_Spider_url=_news_tag=_E4_B8_93_E4_B8_9A_E7_BF_BB_E8_AF_91_980dd59d.html","200","text/html; charset=utf-8","0","",""
"341","http://www.qqbytop.com/?news&tag=%E5%90%88%E5%90%8C%E7%BF%BB%E8%AF%91","http://127.0.0.1/?news&tag=%E5%90%88%E5%90%8C%E7%BF%BB%E8%AF%91","pages/341_index__q_news_tag=_E5_90_88_E5_90_8C_E7_BF_BB_E8_AF_91_8ecae5cf.html","200","text/html; charset=utf-8","30223","翻译资讯 - 永久开源免费的PHP企业网站开发建设管理系统",""
"342","http://www.qqbytop.com/?Spider/&url=/?news/&tag=%E5%90%88%E5%90%8C%E7%BF%BB%E8%AF%91","http://127.0.0.1/?Spider/&url=/?news/&tag=%E5%90%88%E5%90%8C%E7%BF%BB%E8%AF%91","pages/342_index__q_Spider_url=_news_tag=_E5_90_88_E5_90_8C_E7_BF_BB_E8_AF_91_dc0c155f.html","200","text/html; charset=utf-8","0","",""
"343","http://www.qqbytop.com/?news&tag=%E5%B7%A5%E7%A8%8B%E6%96%87%E4%BB%B6%E7%BF%BB%E8%AF%91","http://127.0.0.1/?news&tag=%E5%B7%A5%E7%A8%8B%E6%96%87%E4%BB%B6%E7%BF%BB%E8%AF%91","pages/343_index__q_news_tag=_E5_B7_A5_E7_A8_8B_E6_96_87_E4_BB_B6_E7_BF_BB_E8_AF_91_c538a6f9.html","200","text/html; charset=utf-8","30317","翻译资讯 - 永久开源免费的PHP企业网站开发建设管理系统",""
"344","http://www.qqbytop.com/?Spider/&url=/?news/&tag=%E5%B7%A5%E7%A8%8B%E6%96%87%E4%BB%B6%E7%BF%BB%E8%AF%91","http://127.0.0.1/?Spider/&url=/?news/&tag=%E5%B7%A5%E7%A8%8B%E6%96%87%E4%BB%B6%E7%BF%BB%E8%AF%91","pages/344_index__q_Spider_url=_news_tag=_E5_B7_A5_E7_A8_8B_E6_96_87_E4_BB_B6_E7_BF_BB_E8_AF_91_55629c5d.html","200","text/html; charset=utf-8","0","",""
"345","http://www.qqbytop.com/?news&tag=%E6%8A%80%E6%9C%AF%E6%96%87%E4%BB%B6%E7%BF%BB%E8%AF%91","http://127.0.0.1/?news&tag=%E6%8A%80%E6%9C%AF%E6%96%87%E4%BB%B6%E7%BF%BB%E8%AF%91","pages/345_index__q_news_tag=_E6_8A_80_E6_9C_AF_E6_96_87_E4_BB_B6_E7_BF_BB_E8_AF_91_f4f707ed.html","200","text/html; charset=utf-8","30245","翻译资讯 - 永久开源免费的PHP企业网站开发建设管理系统",""
"346","http://www.qqbytop.com/?Spider/&url=/?news/&tag=%E6%8A%80%E6%9C%AF%E6%96%87%E4%BB%B6%E7%BF%BB%E8%AF%91","http://127.0.0.1/?Spider/&url=/?news/&tag=%E6%8A%80%E6%9C%AF%E6%96%87%E4%BB%B6%E7%BF%BB%E8%AF%91","pages/346_index__q_Spider_url=_news_tag=_E6_8A_80_E6_9C_AF_E6_96_87_E4_BB_B6_E7_BF_BB_E8_AF_91_1ec0a965.html","200","text/html; charset=utf-8","0","",""
"347","http://www.qqbytop.com/?news&tag=%E5%8C%BB%E5%AD%A6%E6%96%87%E7%8C%AE%E7%BF%BB%E8%AF%91","http://127.0.0.1/?news&tag=%E5%8C%BB%E5%AD%A6%E6%96%87%E7%8C%AE%E7%BF%BB%E8%AF%91","pages/347_index__q_news_tag=_E5_8C_BB_E5_AD_A6_E6_96_87_E7_8C_AE_E7_BF_BB_E8_AF_91_f2647a0f.html","200","text/html; charset=utf-8","30232","翻译资讯 - 永久开源免费的PHP企业网站开发建设管理系统",""
"348","http://www.qqbytop.com/?Spider/&url=/?news/&tag=%E5%8C%BB%E5%AD%A6%E6%96%87%E7%8C%AE%E7%BF%BB%E8%AF%91","http://127.0.0.1/?Spider/&url=/?news/&tag=%E5%8C%BB%E5%AD%A6%E6%96%87%E7%8C%AE%E7%BF%BB%E8%AF%91","pages/348_index__q_Spider_url=_news_tag=_E5_8C_BB_E5_AD_A6_E6_96_87_E7_8C_AE_E7_BF_BB_E8_AF_91_b2746539.html","200","text/html; charset=utf-8","0","",""
"349","http://www.qqbytop.com/?news&tag=%E6%A0%87%E4%B9%A6%E7%BF%BB%E8%AF%91","http://127.0.0.1/?news&tag=%E6%A0%87%E4%B9%A6%E7%BF%BB%E8%AF%91","pages/349_index__q_news_tag=_E6_A0_87_E4_B9_A6_E7_BF_BB_E8_AF_91_9a184293.html","200","text/html; charset=utf-8","30201","翻译资讯 - 永久开源免费的PHP企业网站开发建设管理系统",""
"350","http://www.qqbytop.com/?Spider/&url=/?news/&tag=%E6%A0%87%E4%B9%A6%E7%BF%BB%E8%AF%91","http://127.0.0.1/?Spider/&url=/?news/&tag=%E6%A0%87%E4%B9%A6%E7%BF%BB%E8%AF%91","pages/350_index__q_Spider_url=_news_tag=_E6_A0_87_E4_B9_A6_E7_BF_BB_E8_AF_91_f3c27e43.html","200","text/html; charset=utf-8","0","",""
"351","http://www.qqbytop.com/?news/125.html","http://127.0.0.1/?news/125.html","pages/351_index__q_news_125.html_cf79f53c.html","200","text/html; charset=utf-8","40519","章程翻译 - 永久开源免费的PHP企业网站开发建设管理系统",""
"352","http://www.qqbytop.com/?news&tag=%E7%AB%A0%E7%A8%8B%E7%BF%BB%E8%AF%91","http://127.0.0.1/?news&tag=%E7%AB%A0%E7%A8%8B%E7%BF%BB%E8%AF%91","pages/352_index__q_news_tag=_E7_AB_A0_E7_A8_8B_E7_BF_BB_E8_AF_91_9e8dfe59.html","200","text/html; charset=utf-8","30142","翻译资讯 - 永久开源免费的PHP企业网站开发建设管理系统",""
"353","http://www.qqbytop.com/?Spider/&url=/?news/&tag=%E7%AB%A0%E7%A8%8B%E7%BF%BB%E8%AF%91","http://127.0.0.1/?Spider/&url=/?news/&tag=%E7%AB%A0%E7%A8%8B%E7%BF%BB%E8%AF%91","pages/353_index__q_Spider_url=_news_tag=_E7_AB_A0_E7_A8_8B_E7_BF_BB_E8_AF_91_476bf9e3.html","200","text/html; charset=utf-8","0","",""
"","http://www.qqbytop.com/%7Bcontent:link%7D","http://127.0.0.1/%7Bcontent:link%7D","","404","text/html","146","","The remote server returned an error: (404) Not Found."
"354","http://www.qqbytop.com/?question_2/","http://127.0.0.1/?question_2/","pages/354_index__q_question_2__e752ecd4.html","200","text/html; charset=utf-8","24163","翻译客户常见问题 - 永久开源免费的PHP企业网站开发建设管理系统",""
"355","http://www.qqbytop.com/?Spider/&url=/?question/","http://127.0.0.1/?Spider/&url=/?question/","pages/355_index__q_Spider_url=_question__429c36e3.html","200","text/html; charset=utf-8","0","",""
"356","http://www.qqbytop.com/?Spider/&url=/?guarantee/","http://127.0.0.1/?Spider/&url=/?guarantee/","pages/356_index__q_Spider_url=_guarantee__aaf8d8de.html","200","text/html; charset=utf-8","0","",""
"357","http://www.qqbytop.com/?p=/Do/visits/id/120","http://127.0.0.1/?p=/Do/visits/id/120","pages/357_index__q_p=_Do_visits_id_120_4d4a888b.html","200","text/html; charset=utf-8","7","",""
"358","http://www.qqbytop.com/?news/126.html","http://127.0.0.1/?news/126.html","pages/358_index__q_news_126.html_634e718c.html","200","text/html; charset=utf-8","39094","北京毕业论文翻译 - 永久开源免费的PHP企业网站开发建设管理系统",""
"359","http://www.qqbytop.com/?Spider/&url=/?news_2/","http://127.0.0.1/?Spider/&url=/?news_2/","pages/359_index__q_Spider_url=_news_2__5c06ca8a.html","200","text/html; charset=utf-8","0","",""
"360","http://www.qqbytop.com/?Spider/&url=/?news/124.html","http://127.0.0.1/?Spider/&url=/?news/124.html","pages/360_index__q_Spider_url=_news_124.html_1cfeb154.html","200","text/html; charset=utf-8","0","",""
"361","http://www.qqbytop.com/?p=/Do/visits/id/124","http://127.0.0.1/?p=/Do/visits/id/124","pages/361_index__q_p=_Do_visits_id_124_3629b872.html","200","text/html; charset=utf-8","7","",""
"362","http://www.qqbytop.com/?Spider/&url=/?news/127.html","http://127.0.0.1/?Spider/&url=/?news/127.html","pages/362_index__q_Spider_url=_news_127.html_ed8fd31f.html","200","text/html; charset=utf-8","0","",""
"363","http://www.qqbytop.com/?p=/Do/visits/id/127","http://127.0.0.1/?p=/Do/visits/id/127","pages/363_index__q_p=_Do_visits_id_127_88f4cfe1.html","200","text/html; charset=utf-8","7","",""
"364","http://www.qqbytop.com/?news/&tag=%E8%AE%BA%E6%96%87%E6%91%98%E8%A6%81%E7%BF%BB%E8%AF%91","http://127.0.0.1/?news/&tag=%E8%AE%BA%E6%96%87%E6%91%98%E8%A6%81%E7%BF%BB%E8%AF%91","pages/364_index__q_news_tag=_E8_AE_BA_E6_96_87_E6_91_98_E8_A6_81_E7_BF_BB_E8_AF_91_52208adb.html","200","text/html; charset=utf-8","30242","翻译资讯 - 永久开源免费的PHP企业网站开发建设管理系统",""
"365","http://www.qqbytop.com/?Spider/&url=/?news&tag=%E5%8C%97%E4%BA%AC%E7%BF%BB%E8%AF%91%E5%85%AC%E5%8F%B8","http://127.0.0.1/?Spider/&url=/?news&tag=%E5%8C%97%E4%BA%AC%E7%BF%BB%E8%AF%91%E5%85%AC%E5%8F%B8","pages/365_index__q_Spider_url=_news_tag=_E5_8C_97_E4_BA_AC_E7_BF_BB_E8_AF_91_E5_85_AC_E5_8F_B8_a7fef6c0.html","200","text/html; charset=utf-8","0","",""
"366","http://www.qqbytop.com/?Spider/&url=/?news_2&tag=%E5%8C%97%E4%BA%AC%E7%BF%BB%E8%AF%91%E5%85%AC%E5%8F%B8","http://127.0.0.1/?Spider/&url=/?news_2&tag=%E5%8C%97%E4%BA%AC%E7%BF%BB%E8%AF%91%E5%85%AC%E5%8F%B8","pages/366_index__q_Spider_url=_news_2_tag=_E5_8C_97_E4_BA_AC_E7_BF_BB_E8_AF_91_E5_85_AC_E5_8F_B8_eac502b0.html","200","text/html; charset=utf-8","0","",""
"367","http://www.qqbytop.com/?Spider/&url=/?news&tag=%E4%B8%AD%E6%96%87%E7%AE%80%E5%8E%86%E7%BF%BB%E8%AF%91","http://127.0.0.1/?Spider/&url=/?news&tag=%E4%B8%AD%E6%96%87%E7%AE%80%E5%8E%86%E7%BF%BB%E8%AF%91","pages/367_index__q_Spider_url=_news_tag=_E4_B8_AD_E6_96_87_E7_AE_80_E5_8E_86_E7_BF_BB_E8_AF_91_ad1cb4f2.html","200","text/html; charset=utf-8","0","",""
"368","http://www.qqbytop.com/?Spider/&url=/?news&tag=%E7%BF%BB%E8%AF%91%E4%BB%B7%E6%A0%BC","http://127.0.0.1/?Spider/&url=/?news&tag=%E7%BF%BB%E8%AF%91%E4%BB%B7%E6%A0%BC","pages/368_index__q_Spider_url=_news_tag=_E7_BF_BB_E8_AF_91_E4_BB_B7_E6_A0_BC_b20ea33f.html","200","text/html; charset=utf-8","0","",""
"369","http://www.qqbytop.com/?Spider/&url=/?news_2&tag=%E7%BF%BB%E8%AF%91%E4%BB%B7%E6%A0%BC","http://127.0.0.1/?Spider/&url=/?news_2&tag=%E7%BF%BB%E8%AF%91%E4%BB%B7%E6%A0%BC","pages/369_index__q_Spider_url=_news_2_tag=_E7_BF_BB_E8_AF_91_E4_BB_B7_E6_A0_BC_d06ea87e.html","200","text/html; charset=utf-8","0","",""
"370","http://www.qqbytop.com/?Spider/&url=/?news&tag=%E4%B8%93%E4%B8%9A%E7%BF%BB%E8%AF%91","http://127.0.0.1/?Spider/&url=/?news&tag=%E4%B8%93%E4%B8%9A%E7%BF%BB%E8%AF%91","pages/370_index__q_Spider_url=_news_tag=_E4_B8_93_E4_B8_9A_E7_BF_BB_E8_AF_91_e6c9e577.html","200","text/html; charset=utf-8","0","",""
"371","http://www.qqbytop.com/?Spider/&url=/?news_2&tag=%E4%B8%93%E4%B8%9A%E7%BF%BB%E8%AF%91","http://127.0.0.1/?Spider/&url=/?news_2&tag=%E4%B8%93%E4%B8%9A%E7%BF%BB%E8%AF%91","pages/371_index__q_Spider_url=_news_2_tag=_E4_B8_93_E4_B8_9A_E7_BF_BB_E8_AF_91_d0a74ed9.html","200","text/html; charset=utf-8","0","",""
"372","http://www.qqbytop.com/?Spider/&url=/?news&tag=%E5%90%88%E5%90%8C%E7%BF%BB%E8%AF%91","http://127.0.0.1/?Spider/&url=/?news&tag=%E5%90%88%E5%90%8C%E7%BF%BB%E8%AF%91","pages/372_index__q_Spider_url=_news_tag=_E5_90_88_E5_90_8C_E7_BF_BB_E8_AF_91_854b409a.html","200","text/html; charset=utf-8","0","",""
"373","http://www.qqbytop.com/?Spider/&url=/?news&tag=%E5%B7%A5%E7%A8%8B%E6%96%87%E4%BB%B6%E7%BF%BB%E8%AF%91","http://127.0.0.1/?Spider/&url=/?news&tag=%E5%B7%A5%E7%A8%8B%E6%96%87%E4%BB%B6%E7%BF%BB%E8%AF%91","pages/373_index__q_Spider_url=_news_tag=_E5_B7_A5_E7_A8_8B_E6_96_87_E4_BB_B6_E7_BF_BB_E8_AF_91_5c5a6a00.html","200","text/html; charset=utf-8","0","",""
"374","http://www.qqbytop.com/?Spider/&url=/?news&tag=%E6%8A%80%E6%9C%AF%E6%96%87%E4%BB%B6%E7%BF%BB%E8%AF%91","http://127.0.0.1/?Spider/&url=/?news&tag=%E6%8A%80%E6%9C%AF%E6%96%87%E4%BB%B6%E7%BF%BB%E8%AF%91","pages/374_index__q_Spider_url=_news_tag=_E6_8A_80_E6_9C_AF_E6_96_87_E4_BB_B6_E7_BF_BB_E8_AF_91_8ce0886c.html","200","text/html; charset=utf-8","0","",""
"375","http://www.qqbytop.com/?Spider/&url=/?news&tag=%E5%8C%BB%E5%AD%A6%E6%96%87%E7%8C%AE%E7%BF%BB%E8%AF%91","http://127.0.0.1/?Spider/&url=/?news&tag=%E5%8C%BB%E5%AD%A6%E6%96%87%E7%8C%AE%E7%BF%BB%E8%AF%91","pages/375_index__q_Spider_url=_news_tag=_E5_8C_BB_E5_AD_A6_E6_96_87_E7_8C_AE_E7_BF_BB_E8_AF_91_829cd565.html","200","text/html; charset=utf-8","0","",""
"376","http://www.qqbytop.com/?Spider/&url=/?news&tag=%E6%A0%87%E4%B9%A6%E7%BF%BB%E8%AF%91","http://127.0.0.1/?Spider/&url=/?news&tag=%E6%A0%87%E4%B9%A6%E7%BF%BB%E8%AF%91","pages/376_index__q_Spider_url=_news_tag=_E6_A0_87_E4_B9_A6_E7_BF_BB_E8_AF_91_18e70b28.html","200","text/html; charset=utf-8","0","",""
"377","http://www.qqbytop.com/?Spider/&url=/?news/125.html","http://127.0.0.1/?Spider/&url=/?news/125.html","pages/377_index__q_Spider_url=_news_125.html_5eb9a383.html","200","text/html; charset=utf-8","0","",""
"378","http://www.qqbytop.com/?p=/Do/visits/id/125","http://127.0.0.1/?p=/Do/visits/id/125","pages/378_index__q_p=_Do_visits_id_125_8a5086aa.html","200","text/html; charset=utf-8","7","",""
"379","http://www.qqbytop.com/?Spider/&url=/?news&tag=%E7%AB%A0%E7%A8%8B%E7%BF%BB%E8%AF%91","http://127.0.0.1/?Spider/&url=/?news&tag=%E7%AB%A0%E7%A8%8B%E7%BF%BB%E8%AF%91","pages/379_index__q_Spider_url=_news_tag=_E7_AB_A0_E7_A8_8B_E7_BF_BB_E8_AF_91_277d1e5a.html","200","text/html; charset=utf-8","0","",""
"380","http://www.qqbytop.com/?Spider/&url=/?question_2/","http://127.0.0.1/?Spider/&url=/?question_2/","pages/380_index__q_Spider_url=_question_2__8a671059.html","200","text/html; charset=utf-8","0","",""
"381","http://www.qqbytop.com/?Spider/&url=/?news/126.html","http://127.0.0.1/?Spider/&url=/?news/126.html","pages/381_index__q_Spider_url=_news_126.html_5f31170e.html","200","text/html; charset=utf-8","0","",""
"382","http://www.qqbytop.com/?p=/Do/visits/id/126","http://127.0.0.1/?p=/Do/visits/id/126","pages/382_index__q_p=_Do_visits_id_126_41d648a8.html","200","text/html; charset=utf-8","7","",""
"383","http://www.qqbytop.com/?news&tag=%E8%AE%BA%E6%96%87%E6%91%98%E8%A6%81%E7%BF%BB%E8%AF%91","http://127.0.0.1/?news&tag=%E8%AE%BA%E6%96%87%E6%91%98%E8%A6%81%E7%BF%BB%E8%AF%91","pages/383_index__q_news_tag=_E8_AE_BA_E6_96_87_E6_91_98_E8_A6_81_E7_BF_BB_E8_AF_91_964546dd.html","200","text/html; charset=utf-8","30217","翻译资讯 - 永久开源免费的PHP企业网站开发建设管理系统",""
"384","http://www.qqbytop.com/?news/&tag=%E7%97%85%E5%8E%86%E6%8A%A5%E5%91%8A%E7%BF%BB%E8%AF%91","http://127.0.0.1/?news/&tag=%E7%97%85%E5%8E%86%E6%8A%A5%E5%91%8A%E7%BF%BB%E8%AF%91","pages/384_index__q_news_tag=_E7_97_85_E5_8E_86_E6_8A_A5_E5_91_8A_E7_BF_BB_E8_AF_91_5d6a1288.html","200","text/html; charset=utf-8","30218","翻译资讯 - 永久开源免费的PHP企业网站开发建设管理系统",""
"385","http://www.qqbytop.com/?Spider/&url=/?news/&tag=%E8%AE%BA%E6%96%87%E6%91%98%E8%A6%81%E7%BF%BB%E8%AF%91","http://127.0.0.1/?Spider/&url=/?news/&tag=%E8%AE%BA%E6%96%87%E6%91%98%E8%A6%81%E7%BF%BB%E8%AF%91","pages/385_index__q_Spider_url=_news_tag=_E8_AE_BA_E6_96_87_E6_91_98_E8_A6_81_E7_BF_BB_E8_AF_91_3034d389.html","200","text/html; charset=utf-8","0","",""
"386","http://www.qqbytop.com/?Spider/&url=/?news&tag=%E8%AE%BA%E6%96%87%E6%91%98%E8%A6%81%E7%BF%BB%E8%AF%91","http://127.0.0.1/?Spider/&url=/?news&tag=%E8%AE%BA%E6%96%87%E6%91%98%E8%A6%81%E7%BF%BB%E8%AF%91","pages/386_index__q_Spider_url=_news_tag=_E8_AE_BA_E6_96_87_E6_91_98_E8_A6_81_E7_BF_BB_E8_AF_91_d50ec8ea.html","200","text/html; charset=utf-8","0","",""
"387","http://www.qqbytop.com/?news&tag=%E7%97%85%E5%8E%86%E6%8A%A5%E5%91%8A%E7%BF%BB%E8%AF%91","http://127.0.0.1/?news&tag=%E7%97%85%E5%8E%86%E6%8A%A5%E5%91%8A%E7%BF%BB%E8%AF%91","pages/387_index__q_news_tag=_E7_97_85_E5_8E_86_E6_8A_A5_E5_91_8A_E7_BF_BB_E8_AF_91_c6b33e5d.html","200","text/html; charset=utf-8","30217","翻译资讯 - 永久开源免费的PHP企业网站开发建设管理系统",""
"388","http://www.qqbytop.com/?Spider/&url=/?news/&tag=%E7%97%85%E5%8E%86%E6%8A%A5%E5%91%8A%E7%BF%BB%E8%AF%91","http://127.0.0.1/?Spider/&url=/?news/&tag=%E7%97%85%E5%8E%86%E6%8A%A5%E5%91%8A%E7%BF%BB%E8%AF%91","pages/388_index__q_Spider_url=_news_tag=_E7_97_85_E5_8E_86_E6_8A_A5_E5_91_8A_E7_BF_BB_E8_AF_91_c1dc44c2.html","200","text/html; charset=utf-8","0","",""
"389","http://www.qqbytop.com/?Spider/&url=/?news&tag=%E7%97%85%E5%8E%86%E6%8A%A5%E5%91%8A%E7%BF%BB%E8%AF%91","http://127.0.0.1/?Spider/&url=/?news&tag=%E7%97%85%E5%8E%86%E6%8A%A5%E5%91%8A%E7%BF%BB%E8%AF%91","pages/389_index__q_Spider_url=_news_tag=_E7_97_85_E5_8E_86_E6_8A_A5_E5_91_8A_E7_BF_BB_E8_AF_91_b58d6318.html","200","text/html; charset=utf-8","0","",""
