keyword,slug,locale,category,intent,priority,contentMode
北京翻译��司报价一般多少钱,beijing-translation-price,zh,翻译价格,询价,P0,standard
合同翻译需要注意什么,contract-translation-tips,zh,法律翻译,信息,P0,fact-source
专利翻译为什么不能直接机翻,patent-translation-no-mt,zh,专业翻译,信息,P0,
证件翻译需要注意什么,certificate-translation-tips,zh,证件翻译,信息,P1,
用户手册翻译需要注意什么,manual-translation-tips,zh,专业翻译,信息,P1,
金融文件翻译需要注意什么,finance-translation-tips,zh,金融翻译,信息,P1,
跨境电商chargeback申诉流程,chargeback-translation-tips,zh,跨境翻译,信息,P1,fact-source
亚马逊Listing翻译注意事项,listing-translation-tips,zh,跨境翻译,信息,P1,fact-source
电气设备手册翻译,power-translation,zh,技术翻译、翻译服务,信息,P1,fact-source
证件翻译公司怎么选,certificate-translation-company-how-to-choose,zh,证件翻译,比较,P0,standard
证件翻译报价怎么收费,certificate-translation-pricing-how-charged,zh,证件翻译,询价,P0,standard
证件翻译盖章多少钱一份,certificate-translation-stamp-price-per-copy,zh,证件翻译,询价,P0,standard
证件翻译件被拒的常见原因,common-reasons-certificate-translation-rejected,zh,证件翻译,风险,P0,standard
证件翻译错误导致签证被拒案例,certificate-translation-error-visa-rejection-case,zh,证件翻译,风险,P0,fact-source
证件翻译盖章需要什么资质,certificate-translation-stamp-qualification-required,zh,证件翻译,办理,P0,standard
证件翻译被拒后怎么补救,certificate-translation-rejected-remedy,zh,证件翻译,风险,P0,standard
留学签证证件翻译要求,study-visa-certificate-translation-requirements,zh,证件翻译,合规,P1,standard
证件翻译和公证有什么区别,certificate-translation-vs-notarization-difference,zh,证件翻译,比较,P1,standard
证件翻译需要翻译公司盖章还是公证处盖章,certificate-translation-company-stamp-vs-notary-stamp,zh,证件翻译,比较,P1,standard
证件翻译公司资质怎么查,certificate-translation-company-qualification-check,zh,证件翻译,信息,P1,standard
证件翻译加急多久能拿到,certificate-translation-urgent-turnaround-time,zh,证件翻译,询价,P2,standard
证件翻译盖章多少钱,certificate-translation-stamp-price,zh,翻译价格,询价,P0,standard
证件翻译被拒原因,certificate-translation-rejection-reasons,zh,证件翻译,风险,P0,standard
证件翻译和公证区别,certificate-translation-vs-notarization,zh,证件翻译,比较,P0,standard
证件翻译加急多久,certificate-translation-urgent-turnaround,zh,证件翻译,办理,P1,standard
证件翻译错误导致签证被拒,certificate-translation-error-visa-rejection,zh,证件翻译,风险,P1,fact-source
证件翻译盖章资质要求,certificate-translation-stamp-qualification,zh,证件翻译,合规,P1,standard
证件翻译需要什么材料,certificate-translation-required-documents,zh,证件翻译,办理,P2,standard
证件翻译盖章和公证处盖章区别,certificate-translation-stamp-vs-notary-stamp,zh,证件翻译,比较,P2,standard
证件翻译公司哪家好,certificate-translation-company-best,zh,证件翻译,比较,P2,standard
证件翻译需要翻译公司盖章吗,certificate-translation-company-stamp-required,zh,证件翻译,合规,P2,standard
证件翻译价格表,certificate-translation-price-list,zh,翻译价格,询价,P2,standard
证件翻译流程,certificate-translation-process,zh,证件翻译,办理,P2,standard
证件翻译被拒后补救,certificate-translation-rejected-remedy-2,zh,证件翻译,办理,P1,standard
证件翻译公司资质查询,certificate-translation-company-qualification-check-2,zh,证件翻译,信息,P0,standard
证件翻译件被拒常见原因,common-reasons-certificate-translation-rejected-2,zh,证件翻译,风险,P1,standard
证件翻译注意事项,certificate-translation-tips-2,zh,证件翻译,信息,P2,standard
